cntry,rw_order,paed_age_cutoff,inc_time_tmc,logsigma_time_mmc,logsigma_agetime_mmc,logsigma_spacetime_mmc,ids
BDI,0,Inf,TRUE,-1.5,0,-3.5,NA
BDI,0,Inf,TRUE,-1.5,0,-2,NA
BDI,0,Inf,TRUE,-1.5,0,-0.5,NA
BDI,0,Inf,TRUE,-1.5,0,1,NA
BDI,0,Inf,TRUE,-1.5,1.5,-3.5,NA
BDI,0,Inf,TRUE,-1.5,1.5,-2,NA
BDI,0,Inf,TRUE,-1.5,1.5,-0.5,NA
BDI,0,Inf,TRUE,-1.5,1.5,1,NA
BDI,0,Inf,TRUE,-1.5,3,-3.5,NA
BDI,0,Inf,TRUE,-1.5,3,-2,NA
BDI,0,Inf,TRUE,-1.5,3,-0.5,NA
BDI,0,Inf,TRUE,-1.5,3,1,NA
BDI,0,Inf,TRUE,-1.5,4.5,-3.5,NA
BDI,0,Inf,TRUE,-1.5,4.5,-2,NA
BDI,0,Inf,TRUE,-1.5,4.5,-0.5,NA
BDI,0,Inf,TRUE,-1.5,4.5,1,NA
BDI,0,Inf,TRUE,0,0,-3.5,NA
BDI,0,Inf,TRUE,0,0,-2,NA
BDI,0,Inf,TRUE,0,0,-0.5,NA
BDI,0,Inf,TRUE,0,0,1,NA
BDI,0,Inf,TRUE,0,1.5,-3.5,NA
BDI,0,Inf,TRUE,0,1.5,-2,NA
BDI,0,Inf,TRUE,0,1.5,-0.5,NA
BDI,0,Inf,TRUE,0,1.5,1,NA
BDI,0,Inf,TRUE,0,3,-3.5,NA
BDI,0,Inf,TRUE,0,3,-2,NA
BDI,0,Inf,TRUE,0,3,-0.5,NA
BDI,0,Inf,TRUE,0,3,1,NA
BDI,0,Inf,TRUE,0,4.5,-3.5,NA
BDI,0,Inf,TRUE,0,4.5,-2,NA
BDI,0,Inf,TRUE,0,4.5,-0.5,NA
BDI,0,Inf,TRUE,0,4.5,1,NA
BDI,0,Inf,TRUE,1.5,0,-3.5,NA
BDI,0,Inf,TRUE,1.5,0,-2,NA
BDI,0,Inf,TRUE,1.5,0,-0.5,NA
BDI,0,Inf,TRUE,1.5,0,1,NA
BDI,0,Inf,TRUE,1.5,1.5,-3.5,NA
BDI,0,Inf,TRUE,1.5,1.5,-2,NA
BDI,0,Inf,TRUE,1.5,1.5,-0.5,NA
BDI,0,Inf,TRUE,1.5,1.5,1,NA
BDI,0,Inf,TRUE,1.5,3,-3.5,NA
BDI,0,Inf,TRUE,1.5,3,-2,NA
BDI,0,Inf,TRUE,1.5,3,-0.5,NA
BDI,0,Inf,TRUE,1.5,3,1,NA
BDI,0,Inf,TRUE,1.5,4.5,-3.5,NA
BDI,0,Inf,TRUE,1.5,4.5,-2,NA
BDI,0,Inf,TRUE,1.5,4.5,-0.5,NA
BDI,0,Inf,TRUE,1.5,4.5,1,NA
BDI,0,Inf,TRUE,3,0,-3.5,NA
BDI,0,Inf,TRUE,3,0,-2,NA
BDI,0,Inf,TRUE,3,0,-0.5,NA
BDI,0,Inf,TRUE,3,0,1,NA
BDI,0,Inf,TRUE,3,1.5,-3.5,NA
BDI,0,Inf,TRUE,3,1.5,-2,NA
BDI,0,Inf,TRUE,3,1.5,-0.5,NA
BDI,0,Inf,TRUE,3,1.5,1,NA
BDI,0,Inf,TRUE,3,3,-3.5,NA
BDI,0,Inf,TRUE,3,3,-2,NA
BDI,0,Inf,TRUE,3,3,-0.5,NA
BDI,0,Inf,TRUE,3,3,1,NA
BDI,0,Inf,TRUE,3,4.5,-3.5,NA
BDI,0,Inf,TRUE,3,4.5,-2,NA
BDI,0,Inf,TRUE,3,4.5,-0.5,NA
BDI,0,Inf,TRUE,3,4.5,1,NA
BEN,0,Inf,TRUE,-1.5,0,-3.5,20230812-221505-98595edf
BEN,0,Inf,TRUE,-1.5,0,-2,20230811-161055-7317c326
BEN,0,Inf,TRUE,-1.5,0,-0.5,20230812-221505-9c0861f7
BEN,0,Inf,TRUE,-1.5,0,1,20230812-221505-9d07b7a0
BEN,0,Inf,TRUE,-1.5,1.5,-3.5,20230811-161132-0d4b3f6d
BEN,0,Inf,TRUE,-1.5,1.5,-2,20230812-221532-72ff3f61
BEN,0,Inf,TRUE,-1.5,1.5,-0.5,20230811-161202-3c9d7855
BEN,0,Inf,TRUE,-1.5,1.5,1,20230812-221542-fcd44c3a
BEN,0,Inf,TRUE,-1.5,3,-3.5,20230812-221534-9d267c79
BEN,0,Inf,TRUE,-1.5,3,-2,20230813-210213-08795370
BEN,0,Inf,TRUE,-1.5,3,-0.5,20230813-210213-08791a8e
BEN,0,Inf,TRUE,-1.5,3,1,20230811-161221-759a860f
BEN,0,Inf,TRUE,-1.5,4.5,-3.5,20230813-210213-087a5324
BEN,0,Inf,TRUE,-1.5,4.5,-2,20230813-210247-0d014b93
BEN,0,Inf,TRUE,-1.5,4.5,-0.5,20230813-210246-f5e28bce
BEN,0,Inf,TRUE,-1.5,4.5,1,20230813-210250-528c6270
BEN,0,Inf,TRUE,0,0,-3.5,20230813-210322-7f77a6e0
BEN,0,Inf,TRUE,0,0,-2,20230813-210322-7d619915
BEN,0,Inf,TRUE,0,0,-0.5,20230814-103013-06395861
BEN,0,Inf,TRUE,0,0,1,NA
BEN,0,Inf,TRUE,0,1.5,-3.5,20230814-103013-31ce1983
BEN,0,Inf,TRUE,0,1.5,-2,20230811-161429-a7f6f571
BEN,0,Inf,TRUE,0,1.5,-0.5,20230814-103125-dfbdd41b
BEN,0,Inf,TRUE,0,1.5,1,20230813-210436-f7e40401
BEN,0,Inf,TRUE,0,3,-3.5,20230814-103125-9eec04c2
BEN,0,Inf,TRUE,0,3,-2,20230814-103125-aeccf622
BEN,0,Inf,TRUE,0,3,-0.5,20230814-103234-a3e4a65d
BEN,0,Inf,TRUE,0,3,1,20230814-103235-04fe41ad
BEN,0,Inf,TRUE,0,4.5,-3.5,20230814-103238-0b63c7f8
BEN,0,Inf,TRUE,0,4.5,-2,20230813-210539-43035b61
BEN,0,Inf,TRUE,0,4.5,-0.5,NA
BEN,0,Inf,TRUE,0,4.5,1,20230814-103353-54b73328
BEN,0,Inf,TRUE,1.5,0,-3.5,20230811-161549-f8407d2b
BEN,0,Inf,TRUE,1.5,0,-2,20230814-103353-36bfe04e
BEN,0,Inf,TRUE,1.5,0,-0.5,20230814-103437-bcf947df
BEN,0,Inf,TRUE,1.5,0,1,20230813-210558-68333a1f
BEN,0,Inf,TRUE,1.5,1.5,-3.5,20230814-103437-8225a8b0
BEN,0,Inf,TRUE,1.5,1.5,-2,NA
BEN,0,Inf,TRUE,1.5,1.5,-0.5,20230814-103515-afd6dc91
BEN,0,Inf,TRUE,1.5,1.5,1,20230813-210715-b94af71c
BEN,0,Inf,TRUE,1.5,3,-3.5,20230814-103512-5c0950ed
BEN,0,Inf,TRUE,1.5,3,-2,20230813-210703-e3d2b156
BEN,0,Inf,TRUE,1.5,3,-0.5,20230814-103512-8a72aa0e
BEN,0,Inf,TRUE,1.5,3,1,20230812-222112-eb6c72a0
BEN,0,Inf,TRUE,1.5,4.5,-3.5,20230814-103551-9a792c7c
BEN,0,Inf,TRUE,1.5,4.5,-2,20230813-210734-2042d323
BEN,0,Inf,TRUE,1.5,4.5,-0.5,20230814-103542-3241392b
BEN,0,Inf,TRUE,1.5,4.5,1,20230814-103547-93f8d531
BEN,0,Inf,TRUE,3,0,-3.5,20230813-210806-4db195ac
BEN,0,Inf,TRUE,3,0,-2,20230814-103629-4f6e3743
BEN,0,Inf,TRUE,3,0,-0.5,20230812-222223-ea7602da
BEN,0,Inf,TRUE,3,0,1,20230814-103614-cebe3bff
BEN,0,Inf,TRUE,3,1.5,-3.5,20230811-161948-e70b3709
BEN,0,Inf,TRUE,3,1.5,-2,20230814-103618-f83508ca
BEN,0,Inf,TRUE,3,1.5,-0.5,20230814-103701-696a0b47
BEN,0,Inf,TRUE,3,1.5,1,20230814-103644-ce880426
BEN,0,Inf,TRUE,3,3,-3.5,20230814-103653-f7ede440
BEN,0,Inf,TRUE,3,3,-2,20230814-103735-c7ca7a81
BEN,0,Inf,TRUE,3,3,-0.5,20230814-103717-ef99c64d
BEN,0,Inf,TRUE,3,3,1,20230814-103726-094ea738
BEN,0,Inf,TRUE,3,4.5,-3.5,NA
BEN,0,Inf,TRUE,3,4.5,-2,NA
BEN,0,Inf,TRUE,3,4.5,-0.5,20230814-103755-128089b4
BEN,0,Inf,TRUE,3,4.5,1,NA
CIV,0,Inf,TRUE,-1.5,0,-3.5,NA
CIV,0,Inf,TRUE,-1.5,0,-2,NA
CIV,0,Inf,TRUE,-1.5,0,-0.5,NA
CIV,0,Inf,TRUE,-1.5,0,1,NA
CIV,0,Inf,TRUE,-1.5,1.5,-3.5,NA
CIV,0,Inf,TRUE,-1.5,1.5,-2,NA
CIV,0,Inf,TRUE,-1.5,1.5,-0.5,NA
CIV,0,Inf,TRUE,-1.5,1.5,1,NA
CIV,0,Inf,TRUE,-1.5,3,-3.5,NA
CIV,0,Inf,TRUE,-1.5,3,-2,NA
CIV,0,Inf,TRUE,-1.5,3,-0.5,NA
CIV,0,Inf,TRUE,-1.5,3,1,NA
CIV,0,Inf,TRUE,-1.5,4.5,-3.5,NA
CIV,0,Inf,TRUE,-1.5,4.5,-2,NA
CIV,0,Inf,TRUE,-1.5,4.5,-0.5,NA
CIV,0,Inf,TRUE,-1.5,4.5,1,NA
CIV,0,Inf,TRUE,0,0,-3.5,NA
CIV,0,Inf,TRUE,0,0,-2,NA
CIV,0,Inf,TRUE,0,0,-0.5,NA
CIV,0,Inf,TRUE,0,0,1,NA
CIV,0,Inf,TRUE,0,1.5,-3.5,NA
CIV,0,Inf,TRUE,0,1.5,-2,NA
CIV,0,Inf,TRUE,0,1.5,-0.5,NA
CIV,0,Inf,TRUE,0,1.5,1,NA
CIV,0,Inf,TRUE,0,3,-3.5,NA
CIV,0,Inf,TRUE,0,3,-2,NA
CIV,0,Inf,TRUE,0,3,-0.5,NA
CIV,0,Inf,TRUE,0,3,1,NA
CIV,0,Inf,TRUE,0,4.5,-3.5,NA
CIV,0,Inf,TRUE,0,4.5,-2,NA
CIV,0,Inf,TRUE,0,4.5,-0.5,NA
CIV,0,Inf,TRUE,0,4.5,1,NA
CIV,0,Inf,TRUE,1.5,0,-3.5,NA
CIV,0,Inf,TRUE,1.5,0,-2,NA
CIV,0,Inf,TRUE,1.5,0,-0.5,NA
CIV,0,Inf,TRUE,1.5,0,1,NA
CIV,0,Inf,TRUE,1.5,1.5,-3.5,NA
CIV,0,Inf,TRUE,1.5,1.5,-2,NA
CIV,0,Inf,TRUE,1.5,1.5,-0.5,NA
CIV,0,Inf,TRUE,1.5,1.5,1,NA
CIV,0,Inf,TRUE,1.5,3,-3.5,NA
CIV,0,Inf,TRUE,1.5,3,-2,NA
CIV,0,Inf,TRUE,1.5,3,-0.5,NA
CIV,0,Inf,TRUE,1.5,3,1,NA
CIV,0,Inf,TRUE,1.5,4.5,-3.5,NA
CIV,0,Inf,TRUE,1.5,4.5,-2,NA
CIV,0,Inf,TRUE,1.5,4.5,-0.5,NA
CIV,0,Inf,TRUE,1.5,4.5,1,NA
CIV,0,Inf,TRUE,3,0,-3.5,NA
CIV,0,Inf,TRUE,3,0,-2,NA
CIV,0,Inf,TRUE,3,0,-0.5,NA
CIV,0,Inf,TRUE,3,0,1,NA
CIV,0,Inf,TRUE,3,1.5,-3.5,NA
CIV,0,Inf,TRUE,3,1.5,-2,NA
CIV,0,Inf,TRUE,3,1.5,-0.5,NA
CIV,0,Inf,TRUE,3,1.5,1,NA
CIV,0,Inf,TRUE,3,3,-3.5,NA
CIV,0,Inf,TRUE,3,3,-2,NA
CIV,0,Inf,TRUE,3,3,-0.5,NA
CIV,0,Inf,TRUE,3,3,1,NA
CIV,0,Inf,TRUE,3,4.5,-3.5,NA
CIV,0,Inf,TRUE,3,4.5,-2,NA
CIV,0,Inf,TRUE,3,4.5,-0.5,NA
CIV,0,Inf,TRUE,3,4.5,1,NA
CMR,0,Inf,TRUE,-1.5,0,-3.5,20230814-103826-ffe85503
CMR,0,Inf,TRUE,-1.5,0,-2,20230814-103826-fa1a9578
CMR,0,Inf,TRUE,-1.5,0,-0.5,20230814-103908-6f8f9f33
CMR,0,Inf,TRUE,-1.5,0,1,20230812-222511-aaf1df9c
CMR,0,Inf,TRUE,-1.5,1.5,-3.5,20230814-103902-5dd50777
CMR,0,Inf,TRUE,-1.5,1.5,-2,20230814-103852-72b3f01b
CMR,0,Inf,TRUE,-1.5,1.5,-0.5,20230812-222542-39647b03
CMR,0,Inf,TRUE,-1.5,1.5,1,20230814-103939-8f1fdb3d
CMR,0,Inf,TRUE,-1.5,3,-3.5,20230814-103931-394812aa
CMR,0,Inf,TRUE,-1.5,3,-2,20230814-103919-ea4e9c0f
CMR,0,Inf,TRUE,-1.5,3,-0.5,20230814-104009-abcb3862
CMR,0,Inf,TRUE,-1.5,3,1,20230814-103959-4326e5a5
CMR,0,Inf,TRUE,-1.5,4.5,-3.5,20230814-103948-5f9bb6b6
CMR,0,Inf,TRUE,-1.5,4.5,-2,20230813-211259-161244ff
CMR,0,Inf,TRUE,-1.5,4.5,-0.5,20230814-104036-b8a10d9c
CMR,0,Inf,TRUE,-1.5,4.5,1,20230814-104027-b3ad7459
CMR,0,Inf,TRUE,0,0,-3.5,20230814-104017-57dff30d
CMR,0,Inf,TRUE,0,0,-2,20230814-104111-fc42009e
CMR,0,Inf,TRUE,0,0,-0.5,20230814-104054-3bf26a53
CMR,0,Inf,TRUE,0,0,1,20230814-104045-d5718516
CMR,0,Inf,TRUE,0,1.5,-3.5,20230814-104143-761ae54f
CMR,0,Inf,TRUE,0,1.5,-2,20230814-104121-278fc521
CMR,0,Inf,TRUE,0,1.5,-0.5,20230814-104112-0fe6f588
CMR,0,Inf,TRUE,0,1.5,1,20230814-104216-04ea1abd
CMR,0,Inf,TRUE,0,3,-3.5,20230814-104152-94d9c1b4
CMR,0,Inf,TRUE,0,3,-2,20230813-211459-cef4ed77
CMR,0,Inf,TRUE,0,3,-0.5,NA
CMR,0,Inf,TRUE,0,3,1,20230814-104253-8b502af3
CMR,0,Inf,TRUE,0,4.5,-3.5,20230814-104226-76349d7f
CMR,0,Inf,TRUE,0,4.5,-2,20230814-104215-93e35318
CMR,0,Inf,TRUE,0,4.5,-0.5,20230814-104321-5facd7ed
CMR,0,Inf,TRUE,0,4.5,1,20230814-104258-93e01e07
CMR,0,Inf,TRUE,1.5,0,-3.5,20230814-104243-ce72c3b8
CMR,0,Inf,TRUE,1.5,0,-2,20230814-104348-b584c16c
CMR,0,Inf,TRUE,1.5,0,-0.5,20230814-104328-47b4d19c
CMR,0,Inf,TRUE,1.5,0,1,20230814-104313-97772309
CMR,0,Inf,TRUE,1.5,1.5,-3.5,20230814-104416-4794099a
CMR,0,Inf,TRUE,1.5,1.5,-2,20230814-104358-0929da65
CMR,0,Inf,TRUE,1.5,1.5,-0.5,20230812-223044-82bf6f9c
CMR,0,Inf,TRUE,1.5,1.5,1,20230814-104341-8db4ca34
CMR,0,Inf,TRUE,1.5,3,-3.5,20230814-104444-9790a53e
CMR,0,Inf,TRUE,1.5,3,-2,20230814-104429-bf29002d
CMR,0,Inf,TRUE,1.5,3,-0.5,20230814-104408-50306e2e
CMR,0,Inf,TRUE,1.5,3,1,20230814-104512-6c46fc51
CMR,0,Inf,TRUE,1.5,4.5,-3.5,20230813-211804-e7028536
CMR,0,Inf,TRUE,1.5,4.5,-2,20230813-211814-de55800e
CMR,0,Inf,TRUE,1.5,4.5,-0.5,20230813-211749-9ec7c022
CMR,0,Inf,TRUE,1.5,4.5,1,20230813-211834-abf395aa
CMR,0,Inf,TRUE,3,0,-3.5,20230813-211846-980e957e
CMR,0,Inf,TRUE,3,0,-2,20230812-223301-6ec69a00
CMR,0,Inf,TRUE,3,0,-0.5,20230814-104459-2283a9fd
CMR,0,Inf,TRUE,3,0,1,20230814-104438-0b18c704
CMR,0,Inf,TRUE,3,1.5,-3.5,20230814-104543-59382f64
CMR,0,Inf,TRUE,3,1.5,-2,20230812-223310-eafaecc6
CMR,0,Inf,TRUE,3,1.5,-0.5,20230814-104530-2fc4410a
CMR,0,Inf,TRUE,3,1.5,1,20230814-104511-92ce5468
CMR,0,Inf,TRUE,3,3,-3.5,20230814-104611-9129aaa8
CMR,0,Inf,TRUE,3,3,-2,20230814-104557-9b3cfb2b
CMR,0,Inf,TRUE,3,3,-0.5,20230814-104539-36aeab19
CMR,0,Inf,TRUE,3,3,1,20230814-104646-a86e24a2
CMR,0,Inf,TRUE,3,4.5,-3.5,20230814-104627-c7ad4411
CMR,0,Inf,TRUE,3,4.5,-2,20230814-104606-e46b83a9
CMR,0,Inf,TRUE,3,4.5,-0.5,20230814-104715-a59067a1
CMR,0,Inf,TRUE,3,4.5,1,20230813-212023-6114b897
COG,0,Inf,TRUE,-1.5,0,-3.5,NA
COG,0,Inf,TRUE,-1.5,0,-2,NA
COG,0,Inf,TRUE,-1.5,0,-0.5,NA
COG,0,Inf,TRUE,-1.5,0,1,NA
COG,0,Inf,TRUE,-1.5,1.5,-3.5,NA
COG,0,Inf,TRUE,-1.5,1.5,-2,NA
COG,0,Inf,TRUE,-1.5,1.5,-0.5,NA
COG,0,Inf,TRUE,-1.5,1.5,1,NA
COG,0,Inf,TRUE,-1.5,3,-3.5,NA
COG,0,Inf,TRUE,-1.5,3,-2,NA
COG,0,Inf,TRUE,-1.5,3,-0.5,NA
COG,0,Inf,TRUE,-1.5,3,1,NA
COG,0,Inf,TRUE,-1.5,4.5,-3.5,NA
COG,0,Inf,TRUE,-1.5,4.5,-2,NA
COG,0,Inf,TRUE,-1.5,4.5,-0.5,NA
COG,0,Inf,TRUE,-1.5,4.5,1,NA
COG,0,Inf,TRUE,0,0,-3.5,NA
COG,0,Inf,TRUE,0,0,-2,NA
COG,0,Inf,TRUE,0,0,-0.5,NA
COG,0,Inf,TRUE,0,0,1,NA
COG,0,Inf,TRUE,0,1.5,-3.5,NA
COG,0,Inf,TRUE,0,1.5,-2,NA
COG,0,Inf,TRUE,0,1.5,-0.5,NA
COG,0,Inf,TRUE,0,1.5,1,NA
COG,0,Inf,TRUE,0,3,-3.5,NA
COG,0,Inf,TRUE,0,3,-2,NA
COG,0,Inf,TRUE,0,3,-0.5,NA
COG,0,Inf,TRUE,0,3,1,NA
COG,0,Inf,TRUE,0,4.5,-3.5,NA
COG,0,Inf,TRUE,0,4.5,-2,NA
COG,0,Inf,TRUE,0,4.5,-0.5,NA
COG,0,Inf,TRUE,0,4.5,1,NA
COG,0,Inf,TRUE,1.5,0,-3.5,NA
COG,0,Inf,TRUE,1.5,0,-2,NA
COG,0,Inf,TRUE,1.5,0,-0.5,NA
COG,0,Inf,TRUE,1.5,0,1,NA
COG,0,Inf,TRUE,1.5,1.5,-3.5,NA
COG,0,Inf,TRUE,1.5,1.5,-2,NA
COG,0,Inf,TRUE,1.5,1.5,-0.5,NA
COG,0,Inf,TRUE,1.5,1.5,1,NA
COG,0,Inf,TRUE,1.5,3,-3.5,NA
COG,0,Inf,TRUE,1.5,3,-2,NA
COG,0,Inf,TRUE,1.5,3,-0.5,NA
COG,0,Inf,TRUE,1.5,3,1,NA
COG,0,Inf,TRUE,1.5,4.5,-3.5,NA
COG,0,Inf,TRUE,1.5,4.5,-2,NA
COG,0,Inf,TRUE,1.5,4.5,-0.5,NA
COG,0,Inf,TRUE,1.5,4.5,1,NA
COG,0,Inf,TRUE,3,0,-3.5,NA
COG,0,Inf,TRUE,3,0,-2,NA
COG,0,Inf,TRUE,3,0,-0.5,NA
COG,0,Inf,TRUE,3,0,1,NA
COG,0,Inf,TRUE,3,1.5,-3.5,NA
COG,0,Inf,TRUE,3,1.5,-2,NA
COG,0,Inf,TRUE,3,1.5,-0.5,NA
COG,0,Inf,TRUE,3,1.5,1,NA
COG,0,Inf,TRUE,3,3,-3.5,NA
COG,0,Inf,TRUE,3,3,-2,NA
COG,0,Inf,TRUE,3,3,-0.5,NA
COG,0,Inf,TRUE,3,3,1,NA
COG,0,Inf,TRUE,3,4.5,-3.5,NA
COG,0,Inf,TRUE,3,4.5,-2,NA
COG,0,Inf,TRUE,3,4.5,-0.5,NA
COG,0,Inf,TRUE,3,4.5,1,NA
MLI,0,Inf,TRUE,-1.5,0,-3.5,20230818-210455-0c9239e3
MLI,0,Inf,TRUE,-1.5,0,-2,20230818-210455-0c0ab35d
MLI,0,Inf,TRUE,-1.5,0,-0.5,20230818-210455-10efa34c
MLI,0,Inf,TRUE,-1.5,0,1,20230818-210536-31d44768
MLI,0,Inf,TRUE,-1.5,1.5,-3.5,20230818-210536-d0d01c89
MLI,0,Inf,TRUE,-1.5,1.5,-2,20230818-210536-31b54030
MLI,0,Inf,TRUE,-1.5,1.5,-0.5,20230818-210610-9431c101
MLI,0,Inf,TRUE,-1.5,1.5,1,20230818-210610-7ab7ed67
MLI,0,Inf,TRUE,-1.5,3,-3.5,20230818-210610-c59691ee
MLI,0,Inf,TRUE,-1.5,3,-2,20230818-210648-af41b2cd
MLI,0,Inf,TRUE,-1.5,3,-0.5,20230818-210653-74573329
MLI,0,Inf,TRUE,-1.5,3,1,20230818-210648-af5603e1
MLI,0,Inf,TRUE,-1.5,4.5,-3.5,20230818-210727-1842d65e
MLI,0,Inf,TRUE,-1.5,4.5,-2,20230818-210727-21ba787e
MLI,0,Inf,TRUE,-1.5,4.5,-0.5,20230818-210727-122350fc
MLI,0,Inf,TRUE,-1.5,4.5,1,20230818-210759-6815c458
MLI,0,Inf,TRUE,0,0,-3.5,20230818-210805-97598402
MLI,0,Inf,TRUE,0,0,-2,20230818-210800-5b64cc10
MLI,0,Inf,TRUE,0,0,-0.5,20230818-210834-b9f53262
MLI,0,Inf,TRUE,0,0,1,20230818-210834-c68c6d89
MLI,0,Inf,TRUE,0,1.5,-3.5,20230818-210833-8d9458e2
MLI,0,Inf,TRUE,0,1.5,-2,20230818-210911-d1c7e787
MLI,0,Inf,TRUE,0,1.5,-0.5,20230818-210916-2e4f4583
MLI,0,Inf,TRUE,0,1.5,1,20230818-210904-b26e67b0
MLI,0,Inf,TRUE,0,3,-3.5,20230818-210949-3f4b0d96
MLI,0,Inf,TRUE,0,3,-2,20230818-210957-4413ea9d
MLI,0,Inf,TRUE,0,3,-0.5,20230818-210940-0be9e0e6
MLI,0,Inf,TRUE,0,3,1,20230818-211020-4527cf7c
MLI,0,Inf,TRUE,0,4.5,-3.5,20230818-211030-1dd110fe
MLI,0,Inf,TRUE,0,4.5,-2,20230818-211020-1fecbbe3
MLI,0,Inf,TRUE,0,4.5,-0.5,20230818-211053-060ef65f
MLI,0,Inf,TRUE,0,4.5,1,NA
MLI,0,Inf,TRUE,1.5,0,-3.5,20230818-211052-e51aa473
MLI,0,Inf,TRUE,1.5,0,-2,20230818-211128-df460ed4
MLI,0,Inf,TRUE,1.5,0,-0.5,20230818-211139-c4e20f8a
MLI,0,Inf,TRUE,1.5,0,1,20230818-211129-1455b11b
MLI,0,Inf,TRUE,1.5,1.5,-3.5,20230818-211205-c09ea95f
MLI,0,Inf,TRUE,1.5,1.5,-2,20230818-211215-be273490
MLI,0,Inf,TRUE,1.5,1.5,-0.5,20230818-211201-c3ffbe03
MLI,0,Inf,TRUE,1.5,1.5,1,20230818-211243-d80c6ca2
MLI,0,Inf,TRUE,1.5,3,-3.5,20230818-211250-4f95f767
MLI,0,Inf,TRUE,1.5,3,-2,20230818-211233-d34eb2a3
MLI,0,Inf,TRUE,1.5,3,-0.5,20230818-211315-6f67f047
MLI,0,Inf,TRUE,1.5,3,1,20230818-211323-def3fc5f
MLI,0,Inf,TRUE,1.5,4.5,-3.5,20230818-211306-1689de34
MLI,0,Inf,TRUE,1.5,4.5,-2,20230818-211346-ef086f0d
MLI,0,Inf,TRUE,1.5,4.5,-0.5,20230818-211400-2b43d260
MLI,0,Inf,TRUE,1.5,4.5,1,NA
MLI,0,Inf,TRUE,3,0,-3.5,20230818-211429-9f55cbaf
MLI,0,Inf,TRUE,3,0,-2,20230818-211431-af67e258
MLI,0,Inf,TRUE,3,0,-0.5,20230818-211418-e297d635
MLI,0,Inf,TRUE,3,0,1,20230818-211500-d1f8e757
MLI,0,Inf,TRUE,3,1.5,-3.5,20230818-211504-99fd5916
MLI,0,Inf,TRUE,3,1.5,-2,20230818-211455-2d2254e5
MLI,0,Inf,TRUE,3,1.5,-0.5,20230818-211533-963ccf4c
MLI,0,Inf,TRUE,3,1.5,1,20230818-211540-a1caafd5
MLI,0,Inf,TRUE,3,3,-3.5,20230818-211532-d43723a0
MLI,0,Inf,TRUE,3,3,-2,20230818-211605-a6a23b7a
MLI,0,Inf,TRUE,3,3,-0.5,20230818-211617-2a948078
MLI,0,Inf,TRUE,3,3,1,20230818-211605-b77d965e
MLI,0,Inf,TRUE,3,4.5,-3.5,20230818-211648-bb30f695
MLI,0,Inf,TRUE,3,4.5,-2,20230818-211648-b1505da3
MLI,0,Inf,TRUE,3,4.5,-0.5,20230818-211640-c8844304
MLI,0,Inf,TRUE,3,4.5,1,NA
NGA,0,Inf,TRUE,-1.5,0,-3.5,20230904-211413-1fbe1d72
NGA,0,Inf,TRUE,-1.5,0,-2,20230904-211418-a546707b
NGA,0,Inf,TRUE,-1.5,0,-0.5,20230904-211439-acd93bb2
NGA,0,Inf,TRUE,-1.5,0,1,20230904-211500-b105f599
NGA,0,Inf,TRUE,-1.5,1.5,-3.5,20230904-211453-75cb71b0
NGA,0,Inf,TRUE,-1.5,1.5,-2,20230904-211508-d721ddbe
NGA,0,Inf,TRUE,-1.5,1.5,-0.5,20230904-211529-e25ab5cb
NGA,0,Inf,TRUE,-1.5,1.5,1,20230904-211527-666897fe
NGA,0,Inf,TRUE,-1.5,3,-3.5,20230904-211537-791d5fad
NGA,0,Inf,TRUE,-1.5,3,-2,20230904-211606-ab343a5a
NGA,0,Inf,TRUE,-1.5,3,-0.5,20230904-211556-f70afc64
NGA,0,Inf,TRUE,-1.5,3,1,20230904-211607-bd966e84
NGA,0,Inf,TRUE,-1.5,4.5,-3.5,20230904-211635-a7262bd8
NGA,0,Inf,TRUE,-1.5,4.5,-2,NA
NGA,0,Inf,TRUE,-1.5,4.5,-0.5,20230904-211635-95281a42
NGA,0,Inf,TRUE,-1.5,4.5,1,20230904-211711-f711cb80
NGA,0,Inf,TRUE,0,0,-3.5,20230904-211702-ee46ceab
NGA,0,Inf,TRUE,0,0,-2,20230904-211714-b5b9ef95
NGA,0,Inf,TRUE,0,0,-0.5,20230904-211741-295a5fc5
NGA,0,Inf,TRUE,0,0,1,20230904-211732-fa5f38d4
NGA,0,Inf,TRUE,0,1.5,-3.5,20230904-211743-cf42fefa
NGA,0,Inf,TRUE,0,1.5,-2,20230904-211813-a6784e8f
NGA,0,Inf,TRUE,0,1.5,-0.5,20230904-211802-b48b84ab
NGA,0,Inf,TRUE,0,1.5,1,20230904-211812-bb0a8204
NGA,0,Inf,TRUE,0,3,-3.5,20230904-211851-f0d37bd8
NGA,0,Inf,TRUE,0,3,-2,20230904-211836-1b9fa9b7
NGA,0,Inf,TRUE,0,3,-0.5,20230904-211844-3fe85674
NGA,0,Inf,TRUE,0,3,1,20230904-211922-9deb1ac7
NGA,0,Inf,TRUE,0,4.5,-3.5,20230904-211905-07ffd29c
NGA,0,Inf,TRUE,0,4.5,-2,20230904-211915-7afd2c52
NGA,0,Inf,TRUE,0,4.5,-0.5,20230904-211953-e95ad16b
NGA,0,Inf,TRUE,0,4.5,1,20230904-211935-7a85b59f
NGA,0,Inf,TRUE,1.5,0,-3.5,20230904-211946-16e14865
NGA,0,Inf,TRUE,1.5,0,-2,20230904-212023-8fa9198c
NGA,0,Inf,TRUE,1.5,0,-0.5,20230904-212006-d042fa13
NGA,0,Inf,TRUE,1.5,0,1,20230904-212017-ec5edd96
NGA,0,Inf,TRUE,1.5,1.5,-3.5,20230904-212055-eb9ffda6
NGA,0,Inf,TRUE,1.5,1.5,-2,20230904-212037-df319585
NGA,0,Inf,TRUE,1.5,1.5,-0.5,20230904-212047-192936de
NGA,0,Inf,TRUE,1.5,1.5,1,20230904-212130-5a186b7e
NGA,0,Inf,TRUE,1.5,3,-3.5,20230904-212107-dad859da
NGA,0,Inf,TRUE,1.5,3,-2,20230904-212118-1327eb77
NGA,0,Inf,TRUE,1.5,3,-0.5,20230904-212200-8c10369f
NGA,0,Inf,TRUE,1.5,3,1,20230904-212137-42638f02
NGA,0,Inf,TRUE,1.5,4.5,-3.5,20230904-212148-dd41df0f
NGA,0,Inf,TRUE,1.5,4.5,-2,20230904-212230-bc085399
NGA,0,Inf,TRUE,1.5,4.5,-0.5,20230904-212207-ac9d9e80
NGA,0,Inf,TRUE,1.5,4.5,1,20230904-212217-fa77fa54
NGA,0,Inf,TRUE,3,0,-3.5,20230904-212310-9376de58
NGA,0,Inf,TRUE,3,0,-2,20230904-212235-24c8af85
NGA,0,Inf,TRUE,3,0,-0.5,20230904-212243-c40184ed
NGA,0,Inf,TRUE,3,0,1,20230904-212349-26d82c38
NGA,0,Inf,TRUE,3,1.5,-3.5,20230904-212311-02a47a7f
NGA,0,Inf,TRUE,3,1.5,-2,20230904-212318-f2fbaa0c
NGA,0,Inf,TRUE,3,1.5,-0.5,20230904-212422-4095ddc1
NGA,0,Inf,TRUE,3,1.5,1,20230904-212341-9d5df75d
NGA,0,Inf,TRUE,3,3,-3.5,20230904-212348-88d7ce9f
NGA,0,Inf,TRUE,3,3,-2,20230904-212451-a0ad01af
NGA,0,Inf,TRUE,3,3,-0.5,20230904-212410-08acbc0c
NGA,0,Inf,TRUE,3,3,1,20230904-212416-85f8b3e8
NGA,0,Inf,TRUE,3,4.5,-3.5,20230904-212520-c6a6179c
NGA,0,Inf,TRUE,3,4.5,-2,20230904-212437-728f0380
NGA,0,Inf,TRUE,3,4.5,-0.5,20230904-212446-3b416a92
NGA,0,Inf,TRUE,3,4.5,1,20230904-212552-c140e406
SLE,0,Inf,TRUE,-1.5,0,-3.5,20230818-211722-d3a29a2b
SLE,0,Inf,TRUE,-1.5,0,-2,20230818-211711-f0b9e72c
SLE,0,Inf,TRUE,-1.5,0,-0.5,20230818-211754-0902ea0d
SLE,0,Inf,TRUE,-1.5,0,1,20230818-211755-1b6dc9ee
SLE,0,Inf,TRUE,-1.5,1.5,-3.5,20230818-211746-6829a2ba
SLE,0,Inf,TRUE,-1.5,1.5,-2,20230818-211823-93b19fb7
SLE,0,Inf,TRUE,-1.5,1.5,-0.5,20230818-211831-a299d997
SLE,0,Inf,TRUE,-1.5,1.5,1,20230818-211817-44b8ed86
SLE,0,Inf,TRUE,-1.5,3,-3.5,20230818-211856-d407b566
SLE,0,Inf,TRUE,-1.5,3,-2,20230818-211901-a94393ad
SLE,0,Inf,TRUE,-1.5,3,-0.5,20230818-211852-4396680f
SLE,0,Inf,TRUE,-1.5,3,1,NA
SLE,0,Inf,TRUE,-1.5,4.5,-3.5,NA
SLE,0,Inf,TRUE,-1.5,4.5,-2,NA
SLE,0,Inf,TRUE,-1.5,4.5,-0.5,NA
SLE,0,Inf,TRUE,-1.5,4.5,1,20230818-212009-c8c7aaf1
SLE,0,Inf,TRUE,0,0,-3.5,20230818-212011-1b218938
SLE,0,Inf,TRUE,0,0,-2,20230818-212042-4bec68b1
SLE,0,Inf,TRUE,0,0,-0.5,20230818-212041-ffbb2bbb
SLE,0,Inf,TRUE,0,0,1,20230818-212043-1f67aa3c
SLE,0,Inf,TRUE,0,1.5,-3.5,20230818-212114-d3634f18
SLE,0,Inf,TRUE,0,1.5,-2,20230818-212114-63514074
SLE,0,Inf,TRUE,0,1.5,-0.5,20230818-212116-891abf7a
SLE,0,Inf,TRUE,0,1.5,1,20230818-212156-a42db068
SLE,0,Inf,TRUE,0,3,-3.5,20230818-212141-5c7b499f
SLE,0,Inf,TRUE,0,3,-2,20230818-212150-c296fa12
SLE,0,Inf,TRUE,0,3,-0.5,NA
SLE,0,Inf,TRUE,0,3,1,20230818-212212-0485c402
SLE,0,Inf,TRUE,0,4.5,-3.5,NA
SLE,0,Inf,TRUE,0,4.5,-2,NA
SLE,0,Inf,TRUE,0,4.5,-0.5,NA
SLE,0,Inf,TRUE,0,4.5,1,20230818-212249-2967df32
SLE,0,Inf,TRUE,1.5,0,-3.5,20230818-212330-487bfb01
SLE,0,Inf,TRUE,1.5,0,-2,20230818-212313-4596de4c
SLE,0,Inf,TRUE,1.5,0,-0.5,20230818-212321-a9b5e3e1
SLE,0,Inf,TRUE,1.5,0,1,20230818-212401-50016511
SLE,0,Inf,TRUE,1.5,1.5,-3.5,20230818-212344-e4133d16
SLE,0,Inf,TRUE,1.5,1.5,-2,20230818-212352-1849b5fc
SLE,0,Inf,TRUE,1.5,1.5,-0.5,20230818-212434-ef6beda9
SLE,0,Inf,TRUE,1.5,1.5,1,20230818-212414-bb7b1214
SLE,0,Inf,TRUE,1.5,3,-3.5,20230818-212426-fb0e315e
SLE,0,Inf,TRUE,1.5,3,-2,20230818-212504-bc95616b
SLE,0,Inf,TRUE,1.5,3,-0.5,20230818-212447-128b4142
SLE,0,Inf,TRUE,1.5,3,1,20230818-212501-8e4fe408
SLE,0,Inf,TRUE,1.5,4.5,-3.5,NA
SLE,0,Inf,TRUE,1.5,4.5,-2,NA
SLE,0,Inf,TRUE,1.5,4.5,-0.5,NA
SLE,0,Inf,TRUE,1.5,4.5,1,NA
SLE,0,Inf,TRUE,3,0,-3.5,20230818-212551-c93cdf35
SLE,0,Inf,TRUE,3,0,-2,20230818-212606-bdd9377d
SLE,0,Inf,TRUE,3,0,-0.5,20230818-212652-6e437b87
SLE,0,Inf,TRUE,3,0,1,20230818-212623-e7cd078a
SLE,0,Inf,TRUE,3,1.5,-3.5,20230818-212638-e85b4340
SLE,0,Inf,TRUE,3,1.5,-2,20230818-212722-dae065c8
SLE,0,Inf,TRUE,3,1.5,-0.5,20230818-212652-e7df2b9b
SLE,0,Inf,TRUE,3,1.5,1,20230818-212708-ff399c12
SLE,0,Inf,TRUE,3,3,-3.5,20230818-212753-42656ee6
SLE,0,Inf,TRUE,3,3,-2,20230818-212725-2c884dbf
SLE,0,Inf,TRUE,3,3,-0.5,20230818-212740-fed95a65
SLE,0,Inf,TRUE,3,3,1,NA
SLE,0,Inf,TRUE,3,4.5,-3.5,20230818-212800-47ac393d
SLE,0,Inf,TRUE,3,4.5,-2,20230818-212813-ba5cf3b2
SLE,0,Inf,TRUE,3,4.5,-0.5,NA
SLE,0,Inf,TRUE,3,4.5,1,20230818-212831-da5dad86
TCD,0,Inf,TRUE,-1.5,0,-3.5,NA
TCD,0,Inf,TRUE,-1.5,0,-2,NA
TCD,0,Inf,TRUE,-1.5,0,-0.5,NA
TCD,0,Inf,TRUE,-1.5,0,1,NA
TCD,0,Inf,TRUE,-1.5,1.5,-3.5,NA
TCD,0,Inf,TRUE,-1.5,1.5,-2,NA
TCD,0,Inf,TRUE,-1.5,1.5,-0.5,NA
TCD,0,Inf,TRUE,-1.5,1.5,1,NA
TCD,0,Inf,TRUE,-1.5,3,-3.5,NA
TCD,0,Inf,TRUE,-1.5,3,-2,NA
TCD,0,Inf,TRUE,-1.5,3,-0.5,NA
TCD,0,Inf,TRUE,-1.5,3,1,NA
TCD,0,Inf,TRUE,-1.5,4.5,-3.5,NA
TCD,0,Inf,TRUE,-1.5,4.5,-2,NA
TCD,0,Inf,TRUE,-1.5,4.5,-0.5,NA
TCD,0,Inf,TRUE,-1.5,4.5,1,NA
TCD,0,Inf,TRUE,0,0,-3.5,NA
TCD,0,Inf,TRUE,0,0,-2,NA
TCD,0,Inf,TRUE,0,0,-0.5,NA
TCD,0,Inf,TRUE,0,0,1,NA
TCD,0,Inf,TRUE,0,1.5,-3.5,NA
TCD,0,Inf,TRUE,0,1.5,-2,NA
TCD,0,Inf,TRUE,0,1.5,-0.5,NA
TCD,0,Inf,TRUE,0,1.5,1,NA
TCD,0,Inf,TRUE,0,3,-3.5,NA
TCD,0,Inf,TRUE,0,3,-2,NA
TCD,0,Inf,TRUE,0,3,-0.5,NA
TCD,0,Inf,TRUE,0,3,1,NA
TCD,0,Inf,TRUE,0,4.5,-3.5,NA
TCD,0,Inf,TRUE,0,4.5,-2,NA
TCD,0,Inf,TRUE,0,4.5,-0.5,NA
TCD,0,Inf,TRUE,0,4.5,1,NA
TCD,0,Inf,TRUE,1.5,0,-3.5,NA
TCD,0,Inf,TRUE,1.5,0,-2,NA
TCD,0,Inf,TRUE,1.5,0,-0.5,NA
TCD,0,Inf,TRUE,1.5,0,1,NA
TCD,0,Inf,TRUE,1.5,1.5,-3.5,NA
TCD,0,Inf,TRUE,1.5,1.5,-2,NA
TCD,0,Inf,TRUE,1.5,1.5,-0.5,NA
TCD,0,Inf,TRUE,1.5,1.5,1,NA
TCD,0,Inf,TRUE,1.5,3,-3.5,NA
TCD,0,Inf,TRUE,1.5,3,-2,NA
TCD,0,Inf,TRUE,1.5,3,-0.5,NA
TCD,0,Inf,TRUE,1.5,3,1,NA
TCD,0,Inf,TRUE,1.5,4.5,-3.5,NA
TCD,0,Inf,TRUE,1.5,4.5,-2,NA
TCD,0,Inf,TRUE,1.5,4.5,-0.5,NA
TCD,0,Inf,TRUE,1.5,4.5,1,NA
TCD,0,Inf,TRUE,3,0,-3.5,NA
TCD,0,Inf,TRUE,3,0,-2,NA
TCD,0,Inf,TRUE,3,0,-0.5,NA
TCD,0,Inf,TRUE,3,0,1,NA
TCD,0,Inf,TRUE,3,1.5,-3.5,NA
TCD,0,Inf,TRUE,3,1.5,-2,NA
TCD,0,Inf,TRUE,3,1.5,-0.5,NA
TCD,0,Inf,TRUE,3,1.5,1,NA
TCD,0,Inf,TRUE,3,3,-3.5,NA
TCD,0,Inf,TRUE,3,3,-2,NA
TCD,0,Inf,TRUE,3,3,-0.5,NA
TCD,0,Inf,TRUE,3,3,1,NA
TCD,0,Inf,TRUE,3,4.5,-3.5,NA
TCD,0,Inf,TRUE,3,4.5,-2,NA
TCD,0,Inf,TRUE,3,4.5,-0.5,NA
TCD,0,Inf,TRUE,3,4.5,1,NA
BDI,1,Inf,TRUE,-1,-1,-2,NA
BDI,1,Inf,TRUE,-1,-1,-1,NA
BDI,1,Inf,TRUE,-1,-1,0,NA
BDI,1,Inf,TRUE,-1,-1,1,NA
BDI,1,Inf,TRUE,-1,0,-2,NA
BDI,1,Inf,TRUE,-1,0,-1,NA
BDI,1,Inf,TRUE,-1,0,0,NA
BDI,1,Inf,TRUE,-1,0,1,NA
BDI,1,Inf,TRUE,-1,1,-2,NA
BDI,1,Inf,TRUE,-1,1,-1,NA
BDI,1,Inf,TRUE,-1,1,0,NA
BDI,1,Inf,TRUE,-1,1,1,NA
BDI,1,Inf,TRUE,-1,2,-2,NA
BDI,1,Inf,TRUE,-1,2,-1,NA
BDI,1,Inf,TRUE,-1,2,0,NA
BDI,1,Inf,TRUE,-1,2,1,NA
BDI,1,Inf,TRUE,0,-1,-2,NA
BDI,1,Inf,TRUE,0,-1,-1,NA
BDI,1,Inf,TRUE,0,-1,0,NA
BDI,1,Inf,TRUE,0,-1,1,NA
BDI,1,Inf,TRUE,0,0,-2,NA
BDI,1,Inf,TRUE,0,0,-1,NA
BDI,1,Inf,TRUE,0,0,0,NA
BDI,1,Inf,TRUE,0,0,1,NA
BDI,1,Inf,TRUE,0,1,-2,NA
BDI,1,Inf,TRUE,0,1,-1,NA
BDI,1,Inf,TRUE,0,1,0,NA
BDI,1,Inf,TRUE,0,1,1,NA
BDI,1,Inf,TRUE,0,2,-2,NA
BDI,1,Inf,TRUE,0,2,-1,NA
BDI,1,Inf,TRUE,0,2,0,NA
BDI,1,Inf,TRUE,0,2,1,NA
BDI,1,Inf,TRUE,1,-1,-2,NA
BDI,1,Inf,TRUE,1,-1,-1,NA
BDI,1,Inf,TRUE,1,-1,0,NA
BDI,1,Inf,TRUE,1,-1,1,NA
BDI,1,Inf,TRUE,1,0,-2,NA
BDI,1,Inf,TRUE,1,0,-1,NA
BDI,1,Inf,TRUE,1,0,0,NA
BDI,1,Inf,TRUE,1,0,1,NA
BDI,1,Inf,TRUE,1,1,-2,NA
BDI,1,Inf,TRUE,1,1,-1,NA
BDI,1,Inf,TRUE,1,1,0,NA
BDI,1,Inf,TRUE,1,1,1,NA
BDI,1,Inf,TRUE,1,2,-2,NA
BDI,1,Inf,TRUE,1,2,-1,NA
BDI,1,Inf,TRUE,1,2,0,NA
BDI,1,Inf,TRUE,1,2,1,NA
BDI,1,Inf,TRUE,2,-1,-2,NA
BDI,1,Inf,TRUE,2,-1,-1,NA
BDI,1,Inf,TRUE,2,-1,0,NA
BDI,1,Inf,TRUE,2,-1,1,NA
BDI,1,Inf,TRUE,2,0,-2,NA
BDI,1,Inf,TRUE,2,0,-1,NA
BDI,1,Inf,TRUE,2,0,0,NA
BDI,1,Inf,TRUE,2,0,1,NA
BDI,1,Inf,TRUE,2,1,-2,NA
BDI,1,Inf,TRUE,2,1,-1,NA
BDI,1,Inf,TRUE,2,1,0,NA
BDI,1,Inf,TRUE,2,1,1,NA
BDI,1,Inf,TRUE,2,2,-2,NA
BDI,1,Inf,TRUE,2,2,-1,NA
BDI,1,Inf,TRUE,2,2,0,NA
BDI,1,Inf,TRUE,2,2,1,NA
BEN,1,Inf,TRUE,-1,-1,-2,20230814-104658-4b7e621e
BEN,1,Inf,TRUE,-1,-1,-1,20230814-104640-8c5c7aa0
BEN,1,Inf,TRUE,-1,-1,0,20230813-212055-3e2bd07a
BEN,1,Inf,TRUE,-1,-1,1,NA
BEN,1,Inf,TRUE,-1,0,-2,20230813-212148-d94473fb
BEN,1,Inf,TRUE,-1,0,-1,20230813-212126-3738c471
BEN,1,Inf,TRUE,-1,0,0,20230814-104726-27b99c18
BEN,1,Inf,TRUE,-1,0,1,20230814-104708-e7370299
BEN,1,Inf,TRUE,-1,1,-2,20230813-212159-0748780c
BEN,1,Inf,TRUE,-1,1,-1,20230813-212240-63d23a1f
BEN,1,Inf,TRUE,-1,1,0,20230813-212248-e92a9828
BEN,1,Inf,TRUE,-1,1,1,20230814-104811-e944930f
BEN,1,Inf,TRUE,-1,2,-2,20230811-163605-37edc750
BEN,1,Inf,TRUE,-1,2,-1,20230814-104756-342d3b8f
BEN,1,Inf,TRUE,-1,2,0,20230813-212320-62d646bd
BEN,1,Inf,TRUE,-1,2,1,20230814-104738-e3f7d07d
BEN,1,Inf,TRUE,0,-1,-2,20230813-212338-df799d52
BEN,1,Inf,TRUE,0,-1,-1,20230814-104839-e18b5690
BEN,1,Inf,TRUE,0,-1,0,20230814-104828-97be8d97
BEN,1,Inf,TRUE,0,-1,1,20230814-104808-9d75d582
BEN,1,Inf,TRUE,0,0,-2,20230814-104910-0d18c026
BEN,1,Inf,TRUE,0,0,-1,20230811-163735-2b46adae
BEN,1,Inf,TRUE,0,0,0,NA
BEN,1,Inf,TRUE,0,0,1,20230813-212439-8ada469a
BEN,1,Inf,TRUE,0,1,-2,20230813-212455-9bb3d125
BEN,1,Inf,TRUE,0,1,-1,20230814-104839-d0c883a4
BEN,1,Inf,TRUE,0,1,0,20230813-212508-c2418279
BEN,1,Inf,TRUE,0,1,1,20230814-104943-b122a901
BEN,1,Inf,TRUE,0,2,-2,20230814-104922-768325a0
BEN,1,Inf,TRUE,0,2,-1,20230811-163942-3702c1d2
BEN,1,Inf,TRUE,0,2,0,20230814-104908-dea1f8bd
BEN,1,Inf,TRUE,0,2,1,20230814-105014-8a3a0c7e
BEN,1,Inf,TRUE,1,-1,-2,20230814-104952-e2451074
BEN,1,Inf,TRUE,1,-1,-1,20230814-104938-59d200f7
BEN,1,Inf,TRUE,1,-1,0,20230814-105047-71625f4a
BEN,1,Inf,TRUE,1,-1,1,20230813-212557-143c83da
BEN,1,Inf,TRUE,1,0,-2,20230813-212639-a78b46a5
BEN,1,Inf,TRUE,1,0,-1,20230811-164022-364a9965
BEN,1,Inf,TRUE,1,0,0,20230814-105025-79e0fdb7
BEN,1,Inf,TRUE,1,0,1,20230811-164029-000d875a
BEN,1,Inf,TRUE,1,1,-2,20230813-212632-aa5cbe6c
BEN,1,Inf,TRUE,1,1,-1,20230814-105007-a3ca5bed
BEN,1,Inf,TRUE,1,1,0,20230813-212718-2f5a98d0
BEN,1,Inf,TRUE,1,1,1,20230814-105118-6add7f28
BEN,1,Inf,TRUE,1,2,-2,20230813-212740-9a847fe0
BEN,1,Inf,TRUE,1,2,-1,20230814-105056-9bd96a59
BEN,1,Inf,TRUE,1,2,0,20230814-105037-370a633b
BEN,1,Inf,TRUE,1,2,1,20230814-105146-d6c663bd
BEN,1,Inf,TRUE,2,-1,-2,20230814-105125-42ce6eee
BEN,1,Inf,TRUE,2,-1,-1,20230814-105105-f176bbb2
BEN,1,Inf,TRUE,2,-1,0,20230813-212838-a9be4ad4
BEN,1,Inf,TRUE,2,-1,1,20230813-212848-9b110b4e
BEN,1,Inf,TRUE,2,0,-2,20230813-212829-c5550fea
BEN,1,Inf,TRUE,2,0,-1,20230814-105217-3008327f
BEN,1,Inf,TRUE,2,0,0,20230814-105154-98257887
BEN,1,Inf,TRUE,2,0,1,20230814-105139-79bdb787
BEN,1,Inf,TRUE,2,1,-2,20230814-105245-3341824f
BEN,1,Inf,TRUE,2,1,-1,20230814-105224-86720877
BEN,1,Inf,TRUE,2,1,0,20230814-105208-bb2442e7
BEN,1,Inf,TRUE,2,1,1,20230814-105315-afec0463
BEN,1,Inf,TRUE,2,2,-2,20230814-105252-1f5b1ed8
BEN,1,Inf,TRUE,2,2,-1,20230814-105238-2e3f8154
BEN,1,Inf,TRUE,2,2,0,20230814-105348-a5ecaff2
BEN,1,Inf,TRUE,2,2,1,20230814-105322-35c276df
CIV,1,Inf,TRUE,-1,-1,-2,NA
CIV,1,Inf,TRUE,-1,-1,-1,NA
CIV,1,Inf,TRUE,-1,-1,0,NA
CIV,1,Inf,TRUE,-1,-1,1,NA
CIV,1,Inf,TRUE,-1,0,-2,NA
CIV,1,Inf,TRUE,-1,0,-1,NA
CIV,1,Inf,TRUE,-1,0,0,NA
CIV,1,Inf,TRUE,-1,0,1,NA
CIV,1,Inf,TRUE,-1,1,-2,NA
CIV,1,Inf,TRUE,-1,1,-1,NA
CIV,1,Inf,TRUE,-1,1,0,NA
CIV,1,Inf,TRUE,-1,1,1,NA
CIV,1,Inf,TRUE,-1,2,-2,NA
CIV,1,Inf,TRUE,-1,2,-1,NA
CIV,1,Inf,TRUE,-1,2,0,NA
CIV,1,Inf,TRUE,-1,2,1,NA
CIV,1,Inf,TRUE,0,-1,-2,NA
CIV,1,Inf,TRUE,0,-1,-1,NA
CIV,1,Inf,TRUE,0,-1,0,NA
CIV,1,Inf,TRUE,0,-1,1,NA
CIV,1,Inf,TRUE,0,0,-2,NA
CIV,1,Inf,TRUE,0,0,-1,NA
CIV,1,Inf,TRUE,0,0,0,NA
CIV,1,Inf,TRUE,0,0,1,NA
CIV,1,Inf,TRUE,0,1,-2,NA
CIV,1,Inf,TRUE,0,1,-1,NA
CIV,1,Inf,TRUE,0,1,0,NA
CIV,1,Inf,TRUE,0,1,1,NA
CIV,1,Inf,TRUE,0,2,-2,NA
CIV,1,Inf,TRUE,0,2,-1,NA
CIV,1,Inf,TRUE,0,2,0,NA
CIV,1,Inf,TRUE,0,2,1,NA
CIV,1,Inf,TRUE,1,-1,-2,NA
CIV,1,Inf,TRUE,1,-1,-1,NA
CIV,1,Inf,TRUE,1,-1,0,NA
CIV,1,Inf,TRUE,1,-1,1,NA
CIV,1,Inf,TRUE,1,0,-2,NA
CIV,1,Inf,TRUE,1,0,-1,NA
CIV,1,Inf,TRUE,1,0,0,NA
CIV,1,Inf,TRUE,1,0,1,NA
CIV,1,Inf,TRUE,1,1,-2,NA
CIV,1,Inf,TRUE,1,1,-1,NA
CIV,1,Inf,TRUE,1,1,0,NA
CIV,1,Inf,TRUE,1,1,1,NA
CIV,1,Inf,TRUE,1,2,-2,NA
CIV,1,Inf,TRUE,1,2,-1,NA
CIV,1,Inf,TRUE,1,2,0,NA
CIV,1,Inf,TRUE,1,2,1,NA
CIV,1,Inf,TRUE,2,-1,-2,NA
CIV,1,Inf,TRUE,2,-1,-1,NA
CIV,1,Inf,TRUE,2,-1,0,NA
CIV,1,Inf,TRUE,2,-1,1,NA
CIV,1,Inf,TRUE,2,0,-2,NA
CIV,1,Inf,TRUE,2,0,-1,NA
CIV,1,Inf,TRUE,2,0,0,NA
CIV,1,Inf,TRUE,2,0,1,NA
CIV,1,Inf,TRUE,2,1,-2,NA
CIV,1,Inf,TRUE,2,1,-1,NA
CIV,1,Inf,TRUE,2,1,0,NA
CIV,1,Inf,TRUE,2,1,1,NA
CIV,1,Inf,TRUE,2,2,-2,NA
CIV,1,Inf,TRUE,2,2,-1,NA
CIV,1,Inf,TRUE,2,2,0,NA
CIV,1,Inf,TRUE,2,2,1,NA
CMR,1,Inf,TRUE,-1,-1,-2,20230813-213025-640921ac
CMR,1,Inf,TRUE,-1,-1,-1,20230812-224531-c0dae7c0
CMR,1,Inf,TRUE,-1,-1,0,20230814-105307-0c084805
CMR,1,Inf,TRUE,-1,-1,1,20230814-105416-4bc9a06c
CMR,1,Inf,TRUE,-1,0,-2,20230814-105348-c2d0fb04
CMR,1,Inf,TRUE,-1,0,-1,20230814-105333-bda86a10
CMR,1,Inf,TRUE,-1,0,0,20230813-213142-b6a6a40d
CMR,1,Inf,TRUE,-1,0,1,20230814-105445-211a849c
CMR,1,Inf,TRUE,-1,1,-2,20230812-224621-1d9845a8
CMR,1,Inf,TRUE,-1,1,-1,20230814-105425-573e92c9
CMR,1,Inf,TRUE,-1,1,0,20230814-105400-3c61dee5
CMR,1,Inf,TRUE,-1,1,1,20230814-105515-24f2fd2b
CMR,1,Inf,TRUE,-1,2,-2,20230812-224707-c9e3f468
CMR,1,Inf,TRUE,-1,2,-1,20230812-224730-d545f050
CMR,1,Inf,TRUE,-1,2,0,20230814-105457-364516e4
CMR,1,Inf,TRUE,-1,2,1,20230814-105428-cb21c48c
CMR,1,Inf,TRUE,0,-1,-2,20230814-105546-826bc3ed
CMR,1,Inf,TRUE,0,-1,-1,20230814-105529-b1758f95
CMR,1,Inf,TRUE,0,-1,0,20230814-105504-f86af6f3
CMR,1,Inf,TRUE,0,-1,1,20230812-224831-759fb6c7
CMR,1,Inf,TRUE,0,0,-2,20230812-224823-7ad49fda
CMR,1,Inf,TRUE,0,0,-1,20230814-105616-2f764332
CMR,1,Inf,TRUE,0,0,0,20230812-224905-b9f1d8ad
CMR,1,Inf,TRUE,0,0,1,20230814-105559-71850722
CMR,1,Inf,TRUE,0,1,-2,20230814-105533-2f9ee030
CMR,1,Inf,TRUE,0,1,-1,20230813-213332-13269f6f
CMR,1,Inf,TRUE,0,1,0,20230814-105646-5b36cf13
CMR,1,Inf,TRUE,0,1,1,20230814-105628-0e9d8642
CMR,1,Inf,TRUE,0,2,-2,20230814-105607-028e575d
CMR,1,Inf,TRUE,0,2,-1,NA
CMR,1,Inf,TRUE,0,2,0,20230812-225000-26fed373
CMR,1,Inf,TRUE,0,2,1,20230812-225036-c17342dd
CMR,1,Inf,TRUE,1,-1,-2,20230814-105655-77ed2afd
CMR,1,Inf,TRUE,1,-1,-1,20230814-105636-9b482322
CMR,1,Inf,TRUE,1,-1,0,20230812-225111-661994a3
CMR,1,Inf,TRUE,1,-1,1,20230812-225048-5e7a26f0
CMR,1,Inf,TRUE,1,0,-2,20230814-105743-fd9a8d57
CMR,1,Inf,TRUE,1,0,-1,20230814-105723-44e63f10
CMR,1,Inf,TRUE,1,0,0,20230814-105707-96cbbb00
CMR,1,Inf,TRUE,1,0,1,20230813-213544-16f3d5b5
CMR,1,Inf,TRUE,1,1,-2,20230812-225212-3df8f9f4
CMR,1,Inf,TRUE,1,1,-1,20230814-105810-dd7294b8
CMR,1,Inf,TRUE,1,1,0,20230812-225204-1d61d4b5
CMR,1,Inf,TRUE,1,1,1,20230814-105753-ff09a9b0
CMR,1,Inf,TRUE,1,2,-2,20230814-105735-95ba6669
CMR,1,Inf,TRUE,1,2,-1,20230814-105846-cdfa1848
CMR,1,Inf,TRUE,1,2,0,20230812-225310-41ba0f67
CMR,1,Inf,TRUE,1,2,1,20230812-225249-5a8a8f5c
CMR,1,Inf,TRUE,2,-1,-2,20230814-105821-c882ac82
CMR,1,Inf,TRUE,2,-1,-1,20230814-105804-dd6db35c
CMR,1,Inf,TRUE,2,-1,0,20230814-105915-a35cea6d
CMR,1,Inf,TRUE,2,-1,1,20230814-105847-c154f6c5
CMR,1,Inf,TRUE,2,0,-2,20230814-105833-f73dec66
CMR,1,Inf,TRUE,2,0,-1,20230812-225350-6c0f4bb9
CMR,1,Inf,TRUE,2,0,0,20230812-225411-e5a327d0
CMR,1,Inf,TRUE,2,0,1,20230814-105947-b151bad3
CMR,1,Inf,TRUE,2,1,-2,20230814-105916-8830f150
CMR,1,Inf,TRUE,2,1,-1,20230814-105903-83050d8a
CMR,1,Inf,TRUE,2,1,0,20230814-110020-cce7940a
CMR,1,Inf,TRUE,2,1,1,20230812-225453-2b860a40
CMR,1,Inf,TRUE,2,2,-2,20230814-105947-e54cce07
CMR,1,Inf,TRUE,2,2,-1,20230814-105935-338af054
CMR,1,Inf,TRUE,2,2,0,20230814-110057-0d3e0e2e
CMR,1,Inf,TRUE,2,2,1,20230814-110021-1cced018
COG,1,Inf,TRUE,-1,-1,-2,NA
COG,1,Inf,TRUE,-1,-1,-1,NA
COG,1,Inf,TRUE,-1,-1,0,NA
COG,1,Inf,TRUE,-1,-1,1,NA
COG,1,Inf,TRUE,-1,0,-2,NA
COG,1,Inf,TRUE,-1,0,-1,NA
COG,1,Inf,TRUE,-1,0,0,NA
COG,1,Inf,TRUE,-1,0,1,NA
COG,1,Inf,TRUE,-1,1,-2,NA
COG,1,Inf,TRUE,-1,1,-1,NA
COG,1,Inf,TRUE,-1,1,0,NA
COG,1,Inf,TRUE,-1,1,1,NA
COG,1,Inf,TRUE,-1,2,-2,NA
COG,1,Inf,TRUE,-1,2,-1,NA
COG,1,Inf,TRUE,-1,2,0,NA
COG,1,Inf,TRUE,-1,2,1,NA
COG,1,Inf,TRUE,0,-1,-2,NA
COG,1,Inf,TRUE,0,-1,-1,NA
COG,1,Inf,TRUE,0,-1,0,NA
COG,1,Inf,TRUE,0,-1,1,NA
COG,1,Inf,TRUE,0,0,-2,NA
COG,1,Inf,TRUE,0,0,-1,NA
COG,1,Inf,TRUE,0,0,0,NA
COG,1,Inf,TRUE,0,0,1,NA
COG,1,Inf,TRUE,0,1,-2,NA
COG,1,Inf,TRUE,0,1,-1,NA
COG,1,Inf,TRUE,0,1,0,NA
COG,1,Inf,TRUE,0,1,1,NA
COG,1,Inf,TRUE,0,2,-2,NA
COG,1,Inf,TRUE,0,2,-1,NA
COG,1,Inf,TRUE,0,2,0,NA
COG,1,Inf,TRUE,0,2,1,NA
COG,1,Inf,TRUE,1,-1,-2,NA
COG,1,Inf,TRUE,1,-1,-1,NA
COG,1,Inf,TRUE,1,-1,0,NA
COG,1,Inf,TRUE,1,-1,1,NA
COG,1,Inf,TRUE,1,0,-2,NA
COG,1,Inf,TRUE,1,0,-1,NA
COG,1,Inf,TRUE,1,0,0,NA
COG,1,Inf,TRUE,1,0,1,NA
COG,1,Inf,TRUE,1,1,-2,NA
COG,1,Inf,TRUE,1,1,-1,NA
COG,1,Inf,TRUE,1,1,0,NA
COG,1,Inf,TRUE,1,1,1,NA
COG,1,Inf,TRUE,1,2,-2,NA
COG,1,Inf,TRUE,1,2,-1,NA
COG,1,Inf,TRUE,1,2,0,NA
COG,1,Inf,TRUE,1,2,1,NA
COG,1,Inf,TRUE,2,-1,-2,NA
COG,1,Inf,TRUE,2,-1,-1,NA
COG,1,Inf,TRUE,2,-1,0,NA
COG,1,Inf,TRUE,2,-1,1,NA
COG,1,Inf,TRUE,2,0,-2,NA
COG,1,Inf,TRUE,2,0,-1,NA
COG,1,Inf,TRUE,2,0,0,NA
COG,1,Inf,TRUE,2,0,1,NA
COG,1,Inf,TRUE,2,1,-2,NA
COG,1,Inf,TRUE,2,1,-1,NA
COG,1,Inf,TRUE,2,1,0,NA
COG,1,Inf,TRUE,2,1,1,NA
COG,1,Inf,TRUE,2,2,-2,NA
COG,1,Inf,TRUE,2,2,-1,NA
COG,1,Inf,TRUE,2,2,0,NA
COG,1,Inf,TRUE,2,2,1,NA
MLI,1,Inf,TRUE,-1,-1,-2,20230818-212846-0d4cbb83
MLI,1,Inf,TRUE,-1,-1,-1,20230818-212925-dd2199f7
MLI,1,Inf,TRUE,-1,-1,0,20230818-212903-71eeeee4
MLI,1,Inf,TRUE,-1,-1,1,20230818-212919-d6c045ac
MLI,1,Inf,TRUE,-1,0,-2,20230818-212957-fe8f2513
MLI,1,Inf,TRUE,-1,0,-1,20230818-212938-59d5493e
MLI,1,Inf,TRUE,-1,0,0,20230818-212948-c66a9a7a
MLI,1,Inf,TRUE,-1,0,1,20230818-213027-ed696ea4
MLI,1,Inf,TRUE,-1,1,-2,20230818-213009-162887a4
MLI,1,Inf,TRUE,-1,1,-1,20230818-213025-1c8c1c8c
MLI,1,Inf,TRUE,-1,1,0,20230818-213101-1d3b3ed4
MLI,1,Inf,TRUE,-1,1,1,20230818-213042-96bd2e4c
MLI,1,Inf,TRUE,-1,2,-2,20230818-213106-140eb388
MLI,1,Inf,TRUE,-1,2,-1,20230818-213128-dd2a5008
MLI,1,Inf,TRUE,-1,2,0,20230818-213113-0698ba9d
MLI,1,Inf,TRUE,-1,2,1,20230818-213137-8c540938
MLI,1,Inf,TRUE,0,-1,-2,20230818-213159-5a206f2d
MLI,1,Inf,TRUE,0,-1,-1,20230818-213143-cafe7315
MLI,1,Inf,TRUE,0,-1,0,20230818-213208-f661e98a
MLI,1,Inf,TRUE,0,-1,1,20230818-213235-8e8b3e24
MLI,1,Inf,TRUE,0,0,-2,20230818-213215-6d034221
MLI,1,Inf,TRUE,0,0,-1,20230818-213240-ccfda011
MLI,1,Inf,TRUE,0,0,0,20230818-213308-46fca8ee
MLI,1,Inf,TRUE,0,0,1,20230818-213244-7858fe2d
MLI,1,Inf,TRUE,0,1,-2,20230818-213310-27868b18
MLI,1,Inf,TRUE,0,1,-1,20230818-213341-74cf39f7
MLI,1,Inf,TRUE,0,1,0,20230818-213322-3a1ac809
MLI,1,Inf,TRUE,0,1,1,20230818-213344-7eeb0e66
MLI,1,Inf,TRUE,0,2,-2,20230818-213413-ed9cf10a
MLI,1,Inf,TRUE,0,2,-1,20230818-213356-85a837d4
MLI,1,Inf,TRUE,0,2,0,20230818-213421-eca8c1f1
MLI,1,Inf,TRUE,0,2,1,20230818-213445-938160d5
MLI,1,Inf,TRUE,1,-1,-2,20230818-213433-88e56c9a
MLI,1,Inf,TRUE,1,-1,-1,20230818-213454-06fd77cd
MLI,1,Inf,TRUE,1,-1,0,20230818-213516-84b98327
MLI,1,Inf,TRUE,1,-1,1,20230818-213507-3cba5386
MLI,1,Inf,TRUE,1,0,-2,20230818-213528-d639ed0e
MLI,1,Inf,TRUE,1,0,-1,20230818-213548-5c8e1468
MLI,1,Inf,TRUE,1,0,0,20230818-213539-03e951f4
MLI,1,Inf,TRUE,1,0,1,20230818-213602-6140f42e
MLI,1,Inf,TRUE,1,1,-2,20230818-213621-fe6cc916
MLI,1,Inf,TRUE,1,1,-1,20230818-213605-cb4890d8
MLI,1,Inf,TRUE,1,1,0,20230818-213632-a29db5ab
MLI,1,Inf,TRUE,1,1,1,20230818-213655-277b7666
MLI,1,Inf,TRUE,1,2,-2,20230818-213643-14f07599
MLI,1,Inf,TRUE,1,2,-1,20230818-213708-84f35449
MLI,1,Inf,TRUE,1,2,0,20230818-213727-c195ccf1
MLI,1,Inf,TRUE,1,2,1,20230818-213716-9e43597b
MLI,1,Inf,TRUE,2,-1,-2,20230818-213741-3ec634f4
MLI,1,Inf,TRUE,2,-1,-1,20230818-213801-c7ba9816
MLI,1,Inf,TRUE,2,-1,0,20230818-213750-eefaed02
MLI,1,Inf,TRUE,2,-1,1,20230818-213819-4e19f263
MLI,1,Inf,TRUE,2,0,-2,20230818-213834-99e4b3b0
MLI,1,Inf,TRUE,2,0,-1,20230818-213832-d6b381a1
MLI,1,Inf,TRUE,2,0,0,20230818-213856-77045249
MLI,1,Inf,TRUE,2,0,1,20230818-213912-73522ceb
MLI,1,Inf,TRUE,2,1,-2,20230818-213905-553fddbe
MLI,1,Inf,TRUE,2,1,-1,20230818-213933-ecd707b7
MLI,1,Inf,TRUE,2,1,0,20230818-213945-fc06183c
MLI,1,Inf,TRUE,2,1,1,20230818-213942-6325e97a
MLI,1,Inf,TRUE,2,2,-2,20230818-214008-27f78671
MLI,1,Inf,TRUE,2,2,-1,NA
MLI,1,Inf,TRUE,2,2,0,20230818-214018-79042368
MLI,1,Inf,TRUE,2,2,1,20230818-214042-97c3ccdd
NGA,1,Inf,TRUE,-1,-1,-2,20230904-213554-17414e97
NGA,1,Inf,TRUE,-1,-1,-1,20230904-213719-0ad8db3f
NGA,1,Inf,TRUE,-1,-1,0,20230904-213638-d80bca10
NGA,1,Inf,TRUE,-1,-1,1,20230904-213628-df4d135d
NGA,1,Inf,TRUE,-1,0,-2,20230904-213751-2a967d29
NGA,1,Inf,TRUE,-1,0,-1,20230904-213709-d8d3108d
NGA,1,Inf,TRUE,-1,0,0,20230904-213703-212ccdd8
NGA,1,Inf,TRUE,-1,0,1,20230904-213822-6734d76e
NGA,1,Inf,TRUE,-1,1,-2,20230904-213739-a3e2947e
NGA,1,Inf,TRUE,-1,1,-1,20230904-213733-a947ebdb
NGA,1,Inf,TRUE,-1,1,0,20230904-213853-c530c8e9
NGA,1,Inf,TRUE,-1,1,1,20230904-213812-448d90f1
NGA,1,Inf,TRUE,-1,2,-2,20230904-213800-d88a5d46
NGA,1,Inf,TRUE,-1,2,-1,20230904-213925-11d3e3d9
NGA,1,Inf,TRUE,-1,2,0,20230904-213841-72be3063
NGA,1,Inf,TRUE,-1,2,1,20230904-213837-2606dd7e
NGA,1,Inf,TRUE,0,-1,-2,20230904-213955-e8d66d45
NGA,1,Inf,TRUE,0,-1,-1,20230904-213919-ce1bc259
NGA,1,Inf,TRUE,0,-1,0,20230904-213913-68aafa86
NGA,1,Inf,TRUE,0,-1,1,20230904-214026-b1827555
NGA,1,Inf,TRUE,0,0,-2,20230904-213951-502c7f7e
NGA,1,Inf,TRUE,0,0,-1,20230904-213942-781a5734
NGA,1,Inf,TRUE,0,0,0,20230904-214101-8400ebfd
NGA,1,Inf,TRUE,0,0,1,20230904-214021-625c32a2
NGA,1,Inf,TRUE,0,1,-2,NA
NGA,1,Inf,TRUE,0,1,-1,20230904-214134-977a2912
NGA,1,Inf,TRUE,0,1,0,20230904-214048-ed6394f7
NGA,1,Inf,TRUE,0,1,1,20230904-214042-3ff80e9b
NGA,1,Inf,TRUE,0,2,-2,20230904-214202-8c01c57f
NGA,1,Inf,TRUE,0,2,-1,20230904-214120-7a1a7930
NGA,1,Inf,TRUE,0,2,0,20230904-214111-d1b5ae60
NGA,1,Inf,TRUE,0,2,1,20230904-214232-ed9089a6
NGA,1,Inf,TRUE,1,-1,-2,20230904-214153-cc7df4a9
NGA,1,Inf,TRUE,1,-1,-1,20230904-214141-98aa2b72
NGA,1,Inf,TRUE,1,-1,0,20230904-214302-a372defe
NGA,1,Inf,TRUE,1,-1,1,20230904-214221-c9150680
NGA,1,Inf,TRUE,1,0,-2,20230904-214214-93833900
NGA,1,Inf,TRUE,1,0,-1,20230904-214335-a2e4e16f
NGA,1,Inf,TRUE,1,0,0,20230904-214252-46d472cc
NGA,1,Inf,TRUE,1,0,1,20230904-214245-cb90943c
NGA,1,Inf,TRUE,1,1,-2,20230904-214404-9e7637fb
NGA,1,Inf,TRUE,1,1,-1,20230904-214322-e0b899da
NGA,1,Inf,TRUE,1,1,0,20230904-214316-07f871c4
NGA,1,Inf,TRUE,1,1,1,20230904-214435-b64883cb
NGA,1,Inf,TRUE,1,2,-2,20230904-214351-d0a8ee6e
NGA,1,Inf,TRUE,1,2,-1,20230904-214346-21093e46
NGA,1,Inf,TRUE,1,2,0,20230904-214505-c010de67
NGA,1,Inf,TRUE,1,2,1,20230904-214423-6d1e4952
NGA,1,Inf,TRUE,2,-1,-2,20230904-214415-67af439c
NGA,1,Inf,TRUE,2,-1,-1,20230904-214535-72702eb0
NGA,1,Inf,TRUE,2,-1,0,20230904-214456-c15af4d8
NGA,1,Inf,TRUE,2,-1,1,20230904-214446-49a6e50c
NGA,1,Inf,TRUE,2,0,-2,20230904-214603-d0713887
NGA,1,Inf,TRUE,2,0,-1,20230904-214527-bc6ff2eb
NGA,1,Inf,TRUE,2,0,0,20230904-214526-288a9a57
NGA,1,Inf,TRUE,2,0,1,20230904-214635-0e220b11
NGA,1,Inf,TRUE,2,1,-2,20230904-214558-9a8f5ff9
NGA,1,Inf,TRUE,2,1,-1,20230904-214603-e1085cc9
NGA,1,Inf,TRUE,2,1,0,20230904-214704-ff30f410
NGA,1,Inf,TRUE,2,1,1,20230904-214627-6a01f9da
NGA,1,Inf,TRUE,2,2,-2,20230904-214638-633989a2
NGA,1,Inf,TRUE,2,2,-1,20230904-214738-5417c6b5
NGA,1,Inf,TRUE,2,2,0,20230904-214705-028c5cd6
NGA,1,Inf,TRUE,2,2,1,20230904-214711-891e03b3
SLE,1,Inf,TRUE,-1,-1,-2,20230818-214059-dce7eda3
SLE,1,Inf,TRUE,-1,-1,-1,20230818-214057-26eae391
SLE,1,Inf,TRUE,-1,-1,0,20230818-214121-205f4e6a
SLE,1,Inf,TRUE,-1,-1,1,20230818-214144-22d6e512
SLE,1,Inf,TRUE,-1,0,-2,20230818-214134-651c0ac2
SLE,1,Inf,TRUE,-1,0,-1,20230818-214204-f23dd0d8
SLE,1,Inf,TRUE,-1,0,0,20230818-214221-d392c943
SLE,1,Inf,TRUE,-1,0,1,20230818-214211-07cf5df3
SLE,1,Inf,TRUE,-1,1,-2,20230818-214233-e3b5067a
SLE,1,Inf,TRUE,-1,1,-1,20230818-214255-2267e9a9
SLE,1,Inf,TRUE,-1,1,0,20230818-214240-e7ed8d35
SLE,1,Inf,TRUE,-1,1,1,20230818-214304-70481bca
SLE,1,Inf,TRUE,-1,2,-2,20230818-214324-fcf65710
SLE,1,Inf,TRUE,-1,2,-1,20230818-214310-18416943
SLE,1,Inf,TRUE,-1,2,0,20230818-214334-67a65bff
SLE,1,Inf,TRUE,-1,2,1,20230818-214357-815b44c7
SLE,1,Inf,TRUE,0,-1,-2,20230818-214336-f3a967f9
SLE,1,Inf,TRUE,0,-1,-1,20230818-214405-2cfacb93
SLE,1,Inf,TRUE,0,-1,0,20230818-214428-c3d2d467
SLE,1,Inf,TRUE,0,-1,1,20230818-214405-a51a7b98
SLE,1,Inf,TRUE,0,0,-2,20230818-214437-e6557433
SLE,1,Inf,TRUE,0,0,-1,20230818-214457-8efe9c62
SLE,1,Inf,TRUE,0,0,0,20230818-214437-ba67135d
SLE,1,Inf,TRUE,0,0,1,20230818-214514-5b22db13
SLE,1,Inf,TRUE,0,1,-2,20230818-214526-60aea67c
SLE,1,Inf,TRUE,0,1,-1,20230818-214504-c50c1fa5
SLE,1,Inf,TRUE,0,1,0,20230818-214543-c7c6fe08
SLE,1,Inf,TRUE,0,1,1,20230818-214554-1e90991b
SLE,1,Inf,TRUE,0,2,-2,20230818-214532-e7f9aff3
SLE,1,Inf,TRUE,0,2,-1,20230818-214612-5828aaf8
SLE,1,Inf,TRUE,0,2,0,20230818-214624-b96b8d46
SLE,1,Inf,TRUE,0,2,1,20230818-214600-c4edb038
SLE,1,Inf,TRUE,1,-1,-2,20230818-214642-6b048436
SLE,1,Inf,TRUE,1,-1,-1,20230818-214655-0be9489c
SLE,1,Inf,TRUE,1,-1,0,20230818-214632-13176f96
SLE,1,Inf,TRUE,1,-1,1,20230818-214713-c910543d
SLE,1,Inf,TRUE,1,0,-2,20230818-214725-102f5d49
SLE,1,Inf,TRUE,1,0,-1,20230818-214701-f0374ac4
SLE,1,Inf,TRUE,1,0,0,20230818-214743-b90fab6e
SLE,1,Inf,TRUE,1,0,1,20230818-214754-4899c137
SLE,1,Inf,TRUE,1,1,-2,20230818-214732-e989d701
SLE,1,Inf,TRUE,1,1,-1,20230818-214813-c4a2945e
SLE,1,Inf,TRUE,1,1,0,20230818-214822-7b886e05
SLE,1,Inf,TRUE,1,1,1,20230818-214801-7775dfd6
SLE,1,Inf,TRUE,1,2,-2,20230818-214843-65bc61f0
SLE,1,Inf,TRUE,1,2,-1,20230818-214850-19f65659
SLE,1,Inf,TRUE,1,2,0,20230818-214830-9d2bc8f9
SLE,1,Inf,TRUE,1,2,1,20230818-214909-360dd06c
SLE,1,Inf,TRUE,2,-1,-2,20230818-214917-3af743eb
SLE,1,Inf,TRUE,2,-1,-1,20230818-214857-a9a1dfe6
SLE,1,Inf,TRUE,2,-1,0,20230818-214936-fe5d23d5
SLE,1,Inf,TRUE,2,-1,1,20230818-214947-2323a53d
SLE,1,Inf,TRUE,2,0,-2,20230818-214930-0725b79d
SLE,1,Inf,TRUE,2,0,-1,20230818-215007-11aa531e
SLE,1,Inf,TRUE,2,0,0,20230818-215019-4133de36
SLE,1,Inf,TRUE,2,0,1,20230818-214957-b7342b79
SLE,1,Inf,TRUE,2,1,-2,20230818-215039-2d4138a0
SLE,1,Inf,TRUE,2,1,-1,20230818-215048-1553ee8d
SLE,1,Inf,TRUE,2,1,0,20230818-215030-bfae7152
SLE,1,Inf,TRUE,2,1,1,20230818-215109-58baf7b7
SLE,1,Inf,TRUE,2,2,-2,20230818-215119-6a2f2f77
SLE,1,Inf,TRUE,2,2,-1,20230818-215102-39fa9ce7
SLE,1,Inf,TRUE,2,2,0,20230818-215139-fda832d5
SLE,1,Inf,TRUE,2,2,1,20230818-215150-ab73ec0c
TCD,1,Inf,TRUE,-1,-1,-2,NA
TCD,1,Inf,TRUE,-1,-1,-1,NA
TCD,1,Inf,TRUE,-1,-1,0,NA
TCD,1,Inf,TRUE,-1,-1,1,NA
TCD,1,Inf,TRUE,-1,0,-2,NA
TCD,1,Inf,TRUE,-1,0,-1,NA
TCD,1,Inf,TRUE,-1,0,0,NA
TCD,1,Inf,TRUE,-1,0,1,NA
TCD,1,Inf,TRUE,-1,1,-2,NA
TCD,1,Inf,TRUE,-1,1,-1,NA
TCD,1,Inf,TRUE,-1,1,0,NA
TCD,1,Inf,TRUE,-1,1,1,NA
TCD,1,Inf,TRUE,-1,2,-2,NA
TCD,1,Inf,TRUE,-1,2,-1,NA
TCD,1,Inf,TRUE,-1,2,0,NA
TCD,1,Inf,TRUE,-1,2,1,NA
TCD,1,Inf,TRUE,0,-1,-2,NA
TCD,1,Inf,TRUE,0,-1,-1,NA
TCD,1,Inf,TRUE,0,-1,0,NA
TCD,1,Inf,TRUE,0,-1,1,NA
TCD,1,Inf,TRUE,0,0,-2,NA
TCD,1,Inf,TRUE,0,0,-1,NA
TCD,1,Inf,TRUE,0,0,0,NA
TCD,1,Inf,TRUE,0,0,1,NA
TCD,1,Inf,TRUE,0,1,-2,NA
TCD,1,Inf,TRUE,0,1,-1,NA
TCD,1,Inf,TRUE,0,1,0,NA
TCD,1,Inf,TRUE,0,1,1,NA
TCD,1,Inf,TRUE,0,2,-2,NA
TCD,1,Inf,TRUE,0,2,-1,NA
TCD,1,Inf,TRUE,0,2,0,NA
TCD,1,Inf,TRUE,0,2,1,NA
TCD,1,Inf,TRUE,1,-1,-2,NA
TCD,1,Inf,TRUE,1,-1,-1,NA
TCD,1,Inf,TRUE,1,-1,0,NA
TCD,1,Inf,TRUE,1,-1,1,NA
TCD,1,Inf,TRUE,1,0,-2,NA
TCD,1,Inf,TRUE,1,0,-1,NA
TCD,1,Inf,TRUE,1,0,0,NA
TCD,1,Inf,TRUE,1,0,1,NA
TCD,1,Inf,TRUE,1,1,-2,NA
TCD,1,Inf,TRUE,1,1,-1,NA
TCD,1,Inf,TRUE,1,1,0,NA
TCD,1,Inf,TRUE,1,1,1,NA
TCD,1,Inf,TRUE,1,2,-2,NA
TCD,1,Inf,TRUE,1,2,-1,NA
TCD,1,Inf,TRUE,1,2,0,NA
TCD,1,Inf,TRUE,1,2,1,NA
TCD,1,Inf,TRUE,2,-1,-2,NA
TCD,1,Inf,TRUE,2,-1,-1,NA
TCD,1,Inf,TRUE,2,-1,0,NA
TCD,1,Inf,TRUE,2,-1,1,NA
TCD,1,Inf,TRUE,2,0,-2,NA
TCD,1,Inf,TRUE,2,0,-1,NA
TCD,1,Inf,TRUE,2,0,0,NA
TCD,1,Inf,TRUE,2,0,1,NA
TCD,1,Inf,TRUE,2,1,-2,NA
TCD,1,Inf,TRUE,2,1,-1,NA
TCD,1,Inf,TRUE,2,1,0,NA
TCD,1,Inf,TRUE,2,1,1,NA
TCD,1,Inf,TRUE,2,2,-2,NA
TCD,1,Inf,TRUE,2,2,-1,NA
TCD,1,Inf,TRUE,2,2,0,NA
TCD,1,Inf,TRUE,2,2,1,NA
BDI,2,Inf,TRUE,-2,-4,-6,NA
BDI,2,Inf,TRUE,-2,-4,-4.5,NA
BDI,2,Inf,TRUE,-2,-4,-3,NA
BDI,2,Inf,TRUE,-2,-4,-1.5,NA
BDI,2,Inf,TRUE,-2,-2.5,-6,NA
BDI,2,Inf,TRUE,-2,-2.5,-4.5,NA
BDI,2,Inf,TRUE,-2,-2.5,-3,NA
BDI,2,Inf,TRUE,-2,-2.5,-1.5,NA
BDI,2,Inf,TRUE,-2,-1,-6,NA
BDI,2,Inf,TRUE,-2,-1,-4.5,NA
BDI,2,Inf,TRUE,-2,-1,-3,NA
BDI,2,Inf,TRUE,-2,-1,-1.5,NA
BDI,2,Inf,TRUE,-2,0.5,-6,NA
BDI,2,Inf,TRUE,-2,0.5,-4.5,NA
BDI,2,Inf,TRUE,-2,0.5,-3,NA
BDI,2,Inf,TRUE,-2,0.5,-1.5,NA
BDI,2,Inf,TRUE,-0.5,-4,-6,NA
BDI,2,Inf,TRUE,-0.5,-4,-4.5,NA
BDI,2,Inf,TRUE,-0.5,-4,-3,NA
BDI,2,Inf,TRUE,-0.5,-4,-1.5,NA
BDI,2,Inf,TRUE,-0.5,-2.5,-6,NA
BDI,2,Inf,TRUE,-0.5,-2.5,-4.5,NA
BDI,2,Inf,TRUE,-0.5,-2.5,-3,NA
BDI,2,Inf,TRUE,-0.5,-2.5,-1.5,NA
BDI,2,Inf,TRUE,-0.5,-1,-6,NA
BDI,2,Inf,TRUE,-0.5,-1,-4.5,NA
BDI,2,Inf,TRUE,-0.5,-1,-3,NA
BDI,2,Inf,TRUE,-0.5,-1,-1.5,NA
BDI,2,Inf,TRUE,-0.5,0.5,-6,NA
BDI,2,Inf,TRUE,-0.5,0.5,-4.5,NA
BDI,2,Inf,TRUE,-0.5,0.5,-3,NA
BDI,2,Inf,TRUE,-0.5,0.5,-1.5,NA
BDI,2,Inf,TRUE,1,-4,-6,NA
BDI,2,Inf,TRUE,1,-4,-4.5,NA
BDI,2,Inf,TRUE,1,-4,-3,NA
BDI,2,Inf,TRUE,1,-4,-1.5,NA
BDI,2,Inf,TRUE,1,-2.5,-6,NA
BDI,2,Inf,TRUE,1,-2.5,-4.5,NA
BDI,2,Inf,TRUE,1,-2.5,-3,NA
BDI,2,Inf,TRUE,1,-2.5,-1.5,NA
BDI,2,Inf,TRUE,1,-1,-6,NA
BDI,2,Inf,TRUE,1,-1,-4.5,NA
BDI,2,Inf,TRUE,1,-1,-3,NA
BDI,2,Inf,TRUE,1,-1,-1.5,NA
BDI,2,Inf,TRUE,1,0.5,-6,NA
BDI,2,Inf,TRUE,1,0.5,-4.5,NA
BDI,2,Inf,TRUE,1,0.5,-3,NA
BDI,2,Inf,TRUE,1,0.5,-1.5,NA
BDI,2,Inf,TRUE,2.5,-4,-6,NA
BDI,2,Inf,TRUE,2.5,-4,-4.5,NA
BDI,2,Inf,TRUE,2.5,-4,-3,NA
BDI,2,Inf,TRUE,2.5,-4,-1.5,NA
BDI,2,Inf,TRUE,2.5,-2.5,-6,NA
BDI,2,Inf,TRUE,2.5,-2.5,-4.5,NA
BDI,2,Inf,TRUE,2.5,-2.5,-3,NA
BDI,2,Inf,TRUE,2.5,-2.5,-1.5,NA
BDI,2,Inf,TRUE,2.5,-1,-6,NA
BDI,2,Inf,TRUE,2.5,-1,-4.5,NA
BDI,2,Inf,TRUE,2.5,-1,-3,NA
BDI,2,Inf,TRUE,2.5,-1,-1.5,NA
BDI,2,Inf,TRUE,2.5,0.5,-6,NA
BDI,2,Inf,TRUE,2.5,0.5,-4.5,NA
BDI,2,Inf,TRUE,2.5,0.5,-3,NA
BDI,2,Inf,TRUE,2.5,0.5,-1.5,NA
BEN,2,Inf,TRUE,-2,-4,-6,20230813-213840-014161bc
BEN,2,Inf,TRUE,-2,-4,-4.5,20230813-213853-82df85b4
BEN,2,Inf,TRUE,-2,-4,-3,20230813-213831-9adbf4df
BEN,2,Inf,TRUE,-2,-4,-1.5,20230811-165639-68c0a4be
BEN,2,Inf,TRUE,-2,-2.5,-6,20230811-165605-10884506
BEN,2,Inf,TRUE,-2,-2.5,-4.5,20230814-110005-d9d9edba
BEN,2,Inf,TRUE,-2,-2.5,-3,20230813-213922-a6aa2242
BEN,2,Inf,TRUE,-2,-2.5,-1.5,20230811-165639-51769477
BEN,2,Inf,TRUE,-2,-1,-6,20230812-225643-fb0f6241
BEN,2,Inf,TRUE,-2,-1,-4.5,20230813-213904-27632ebd
BEN,2,Inf,TRUE,-2,-1,-3,20230814-110125-b1ecfc33
BEN,2,Inf,TRUE,-2,-1,-1.5,20230811-165715-6367c31b
BEN,2,Inf,TRUE,-2,0.5,-6,20230811-165801-b64c4746
BEN,2,Inf,TRUE,-2,0.5,-4.5,20230813-213951-826a4c08
BEN,2,Inf,TRUE,-2,0.5,-3,20230814-110057-38a8d479
BEN,2,Inf,TRUE,-2,0.5,-1.5,20230814-110035-082b057c
BEN,2,Inf,TRUE,-0.5,-4,-6,20230814-110153-68ea461d
BEN,2,Inf,TRUE,-0.5,-4,-4.5,20230814-110128-8b6cc255
BEN,2,Inf,TRUE,-0.5,-4,-3,20230813-214043-36baa017
BEN,2,Inf,TRUE,-0.5,-4,-1.5,20230813-214054-49d1800d
BEN,2,Inf,TRUE,-0.5,-2.5,-6,20230811-165840-54dbfe1c
BEN,2,Inf,TRUE,-0.5,-2.5,-4.5,20230813-214036-ad72a890
BEN,2,Inf,TRUE,-0.5,-2.5,-3,20230814-110106-e4a2f71f
BEN,2,Inf,TRUE,-0.5,-2.5,-1.5,20230814-110222-c4cd7051
BEN,2,Inf,TRUE,-0.5,-1,-6,20230814-110200-56515ec0
BEN,2,Inf,TRUE,-0.5,-1,-4.5,20230811-165942-5308fccc
BEN,2,Inf,TRUE,-0.5,-1,-3,20230811-165933-befec9ee
BEN,2,Inf,TRUE,-0.5,-1,-1.5,20230814-110136-4db8a8ad
BEN,2,Inf,TRUE,-0.5,0.5,-6,20230814-110251-94e3929a
BEN,2,Inf,TRUE,-0.5,0.5,-4.5,20230814-110229-7e4a8cce
BEN,2,Inf,TRUE,-0.5,0.5,-3,20230814-110207-b74b9803
BEN,2,Inf,TRUE,-0.5,0.5,-1.5,20230814-110322-27a1e698
BEN,2,Inf,TRUE,1,-4,-6,20230814-110258-ada84af7
BEN,2,Inf,TRUE,1,-4,-4.5,20230811-170119-4e605a10
BEN,2,Inf,TRUE,1,-4,-3,20230813-214258-5f3f70b5
BEN,2,Inf,TRUE,1,-4,-1.5,20230811-170056-cb67c9e6
BEN,2,Inf,TRUE,1,-2.5,-6,20230811-170146-61b9e800
BEN,2,Inf,TRUE,1,-2.5,-4.5,20230811-170138-76b78157
BEN,2,Inf,TRUE,1,-2.5,-3,20230811-170126-b578f14b
BEN,2,Inf,TRUE,1,-2.5,-1.5,20230814-110239-d5948e61
BEN,2,Inf,TRUE,1,-1,-6,20230813-214240-47c486b2
BEN,2,Inf,TRUE,1,-1,-4.5,20230814-110353-3445c007
BEN,2,Inf,TRUE,1,-1,-3,20230812-230100-27aed78b
BEN,2,Inf,TRUE,1,-1,-1.5,20230814-110326-a2f6eca1
BEN,2,Inf,TRUE,1,0.5,-6,20230811-170224-77d76be1
BEN,2,Inf,TRUE,1,0.5,-4.5,20230811-170309-94001397
BEN,2,Inf,TRUE,1,0.5,-3,20230814-110310-ef5900eb
BEN,2,Inf,TRUE,1,0.5,-1.5,20230812-230131-fc088b18
BEN,2,Inf,TRUE,2.5,-4,-6,20230812-230224-250d2d17
BEN,2,Inf,TRUE,2.5,-4,-4.5,20230811-170325-06551c07
BEN,2,Inf,TRUE,2.5,-4,-3,20230814-110421-5e3d29ae
BEN,2,Inf,TRUE,2.5,-4,-1.5,20230814-110356-d79f8c6c
BEN,2,Inf,TRUE,2.5,-2.5,-6,20230814-110339-3c64fdc0
BEN,2,Inf,TRUE,2.5,-2.5,-4.5,20230814-110450-74368245
BEN,2,Inf,TRUE,2.5,-2.5,-3,20230814-110431-11c66aef
BEN,2,Inf,TRUE,2.5,-2.5,-1.5,20230814-110409-08e23345
BEN,2,Inf,TRUE,2.5,-1,-6,20230814-110519-d5daf44d
BEN,2,Inf,TRUE,2.5,-1,-4.5,20230811-170502-fe7a0bc8
BEN,2,Inf,TRUE,2.5,-1,-3,20230812-230312-5285d88a
BEN,2,Inf,TRUE,2.5,-1,-1.5,20230811-170515-2dffd509
BEN,2,Inf,TRUE,2.5,0.5,-6,20230814-110503-2cbd5253
BEN,2,Inf,TRUE,2.5,0.5,-4.5,20230812-230306-5e56ed67
BEN,2,Inf,TRUE,2.5,0.5,-3,20230812-230344-5d351433
BEN,2,Inf,TRUE,2.5,0.5,-1.5,20230814-110440-0fc70d92
CIV,2,Inf,TRUE,-2,-4,-6,NA
CIV,2,Inf,TRUE,-2,-4,-4.5,NA
CIV,2,Inf,TRUE,-2,-4,-3,NA
CIV,2,Inf,TRUE,-2,-4,-1.5,NA
CIV,2,Inf,TRUE,-2,-2.5,-6,NA
CIV,2,Inf,TRUE,-2,-2.5,-4.5,NA
CIV,2,Inf,TRUE,-2,-2.5,-3,NA
CIV,2,Inf,TRUE,-2,-2.5,-1.5,NA
CIV,2,Inf,TRUE,-2,-1,-6,NA
CIV,2,Inf,TRUE,-2,-1,-4.5,NA
CIV,2,Inf,TRUE,-2,-1,-3,NA
CIV,2,Inf,TRUE,-2,-1,-1.5,NA
CIV,2,Inf,TRUE,-2,0.5,-6,NA
CIV,2,Inf,TRUE,-2,0.5,-4.5,NA
CIV,2,Inf,TRUE,-2,0.5,-3,NA
CIV,2,Inf,TRUE,-2,0.5,-1.5,NA
CIV,2,Inf,TRUE,-0.5,-4,-6,NA
CIV,2,Inf,TRUE,-0.5,-4,-4.5,NA
CIV,2,Inf,TRUE,-0.5,-4,-3,NA
CIV,2,Inf,TRUE,-0.5,-4,-1.5,NA
CIV,2,Inf,TRUE,-0.5,-2.5,-6,NA
CIV,2,Inf,TRUE,-0.5,-2.5,-4.5,NA
CIV,2,Inf,TRUE,-0.5,-2.5,-3,NA
CIV,2,Inf,TRUE,-0.5,-2.5,-1.5,NA
CIV,2,Inf,TRUE,-0.5,-1,-6,NA
CIV,2,Inf,TRUE,-0.5,-1,-4.5,NA
CIV,2,Inf,TRUE,-0.5,-1,-3,NA
CIV,2,Inf,TRUE,-0.5,-1,-1.5,NA
CIV,2,Inf,TRUE,-0.5,0.5,-6,NA
CIV,2,Inf,TRUE,-0.5,0.5,-4.5,NA
CIV,2,Inf,TRUE,-0.5,0.5,-3,NA
CIV,2,Inf,TRUE,-0.5,0.5,-1.5,NA
CIV,2,Inf,TRUE,1,-4,-6,NA
CIV,2,Inf,TRUE,1,-4,-4.5,NA
CIV,2,Inf,TRUE,1,-4,-3,NA
CIV,2,Inf,TRUE,1,-4,-1.5,NA
CIV,2,Inf,TRUE,1,-2.5,-6,NA
CIV,2,Inf,TRUE,1,-2.5,-4.5,NA
CIV,2,Inf,TRUE,1,-2.5,-3,NA
CIV,2,Inf,TRUE,1,-2.5,-1.5,NA
CIV,2,Inf,TRUE,1,-1,-6,NA
CIV,2,Inf,TRUE,1,-1,-4.5,NA
CIV,2,Inf,TRUE,1,-1,-3,NA
CIV,2,Inf,TRUE,1,-1,-1.5,NA
CIV,2,Inf,TRUE,1,0.5,-6,NA
CIV,2,Inf,TRUE,1,0.5,-4.5,NA
CIV,2,Inf,TRUE,1,0.5,-3,NA
CIV,2,Inf,TRUE,1,0.5,-1.5,NA
CIV,2,Inf,TRUE,2.5,-4,-6,NA
CIV,2,Inf,TRUE,2.5,-4,-4.5,NA
CIV,2,Inf,TRUE,2.5,-4,-3,NA
CIV,2,Inf,TRUE,2.5,-4,-1.5,NA
CIV,2,Inf,TRUE,2.5,-2.5,-6,NA
CIV,2,Inf,TRUE,2.5,-2.5,-4.5,NA
CIV,2,Inf,TRUE,2.5,-2.5,-3,NA
CIV,2,Inf,TRUE,2.5,-2.5,-1.5,NA
CIV,2,Inf,TRUE,2.5,-1,-6,NA
CIV,2,Inf,TRUE,2.5,-1,-4.5,NA
CIV,2,Inf,TRUE,2.5,-1,-3,NA
CIV,2,Inf,TRUE,2.5,-1,-1.5,NA
CIV,2,Inf,TRUE,2.5,0.5,-6,NA
CIV,2,Inf,TRUE,2.5,0.5,-4.5,NA
CIV,2,Inf,TRUE,2.5,0.5,-3,NA
CIV,2,Inf,TRUE,2.5,0.5,-1.5,NA
CMR,2,Inf,TRUE,-2,-4,-6,20230814-110548-f2707e72
CMR,2,Inf,TRUE,-2,-4,-4.5,20230812-230412-220c5f04
CMR,2,Inf,TRUE,-2,-4,-3,20230812-230449-6fb0cc7a
CMR,2,Inf,TRUE,-2,-4,-1.5,20230812-230402-518653c4
CMR,2,Inf,TRUE,-2,-2.5,-6,20230814-110532-8d8e4c7d
CMR,2,Inf,TRUE,-2,-2.5,-4.5,20230812-230516-7ebaa082
CMR,2,Inf,TRUE,-2,-2.5,-3,20230814-110510-1cd06d24
CMR,2,Inf,TRUE,-2,-2.5,-1.5,NA
CMR,2,Inf,TRUE,-2,-1,-6,NA
CMR,2,Inf,TRUE,-2,-1,-4.5,20230814-110605-0cf831d2
CMR,2,Inf,TRUE,-2,-1,-3,20230814-110541-c460fbd2
CMR,2,Inf,TRUE,-2,-1,-1.5,20230814-110650-06f4c14f
CMR,2,Inf,TRUE,-2,0.5,-6,NA
CMR,2,Inf,TRUE,-2,0.5,-4.5,20230814-110611-62a74263
CMR,2,Inf,TRUE,-2,0.5,-3,NA
CMR,2,Inf,TRUE,-2,0.5,-1.5,20230814-110703-c09454d6
CMR,2,Inf,TRUE,-0.5,-4,-6,20230812-230644-b9e0c617
CMR,2,Inf,TRUE,-0.5,-4,-4.5,20230814-110638-8102ca06
CMR,2,Inf,TRUE,-0.5,-4,-3,20230814-110747-a3c424f5
CMR,2,Inf,TRUE,-0.5,-4,-1.5,20230812-230714-d385e9bd
CMR,2,Inf,TRUE,-0.5,-2.5,-6,20230812-230753-3055b826
CMR,2,Inf,TRUE,-0.5,-2.5,-4.5,20230814-110731-89acfb5c
CMR,2,Inf,TRUE,-0.5,-2.5,-3,20230814-110709-ad26613a
CMR,2,Inf,TRUE,-0.5,-2.5,-1.5,20230812-230821-1df16b97
CMR,2,Inf,TRUE,-0.5,-1,-6,20230812-230732-54613379
CMR,2,Inf,TRUE,-0.5,-1,-4.5,20230814-110812-b536bc76
CMR,2,Inf,TRUE,-0.5,-1,-3,20230814-110759-d0b398c3
CMR,2,Inf,TRUE,-0.5,-1,-1.5,20230814-110740-6ae97d9f
CMR,2,Inf,TRUE,-0.5,0.5,-6,20230814-110843-930993cf
CMR,2,Inf,TRUE,-0.5,0.5,-4.5,20230812-230917-5d9ef36f
CMR,2,Inf,TRUE,-0.5,0.5,-3,20230814-110828-023d70d2
CMR,2,Inf,TRUE,-0.5,0.5,-1.5,NA
CMR,2,Inf,TRUE,1,-4,-6,20230814-110913-a1c26057
CMR,2,Inf,TRUE,1,-4,-4.5,20230812-230902-b9f24bd9
CMR,2,Inf,TRUE,1,-4,-3,20230814-110855-bed7ecaf
CMR,2,Inf,TRUE,1,-4,-1.5,NA
CMR,2,Inf,TRUE,1,-2.5,-6,20230814-110947-def5a568
CMR,2,Inf,TRUE,1,-2.5,-4.5,NA
CMR,2,Inf,TRUE,1,-2.5,-3,20230812-231046-fa4cc27e
CMR,2,Inf,TRUE,1,-2.5,-1.5,20230814-110910-b060d0d9
CMR,2,Inf,TRUE,1,-1,-6,20230814-111018-d38ac652
CMR,2,Inf,TRUE,1,-1,-4.5,20230812-231117-173c8d33
CMR,2,Inf,TRUE,1,-1,-3,NA
CMR,2,Inf,TRUE,1,-1,-1.5,20230812-231117-22423a79
CMR,2,Inf,TRUE,1,0.5,-6,20230812-231147-f9f73d67
CMR,2,Inf,TRUE,1,0.5,-4.5,NA
CMR,2,Inf,TRUE,1,0.5,-3,NA
CMR,2,Inf,TRUE,1,0.5,-1.5,NA
CMR,2,Inf,TRUE,2.5,-4,-6,NA
CMR,2,Inf,TRUE,2.5,-4,-4.5,20230814-111118-a47ac893
CMR,2,Inf,TRUE,2.5,-4,-3,20230814-111100-39cc1acf
CMR,2,Inf,TRUE,2.5,-4,-1.5,NA
CMR,2,Inf,TRUE,2.5,-2.5,-6,20230812-231251-a113d0bb
CMR,2,Inf,TRUE,2.5,-2.5,-4.5,NA
CMR,2,Inf,TRUE,2.5,-2.5,-3,20230812-231231-e4b39f4f
CMR,2,Inf,TRUE,2.5,-2.5,-1.5,NA
CMR,2,Inf,TRUE,2.5,-1,-6,20230812-231347-13a1b1b6
CMR,2,Inf,TRUE,2.5,-1,-4.5,NA
CMR,2,Inf,TRUE,2.5,-1,-3,20230812-231353-1225578e
CMR,2,Inf,TRUE,2.5,-1,-1.5,20230812-231420-74a181ad
CMR,2,Inf,TRUE,2.5,0.5,-6,20230812-231331-8df59468
CMR,2,Inf,TRUE,2.5,0.5,-4.5,NA
CMR,2,Inf,TRUE,2.5,0.5,-3,NA
CMR,2,Inf,TRUE,2.5,0.5,-1.5,20230812-231404-cc0d32a9
COG,2,Inf,TRUE,-2,-4,-6,NA
COG,2,Inf,TRUE,-2,-4,-4.5,NA
COG,2,Inf,TRUE,-2,-4,-3,NA
COG,2,Inf,TRUE,-2,-4,-1.5,NA
COG,2,Inf,TRUE,-2,-2.5,-6,NA
COG,2,Inf,TRUE,-2,-2.5,-4.5,NA
COG,2,Inf,TRUE,-2,-2.5,-3,NA
COG,2,Inf,TRUE,-2,-2.5,-1.5,NA
COG,2,Inf,TRUE,-2,-1,-6,NA
COG,2,Inf,TRUE,-2,-1,-4.5,NA
COG,2,Inf,TRUE,-2,-1,-3,NA
COG,2,Inf,TRUE,-2,-1,-1.5,NA
COG,2,Inf,TRUE,-2,0.5,-6,NA
COG,2,Inf,TRUE,-2,0.5,-4.5,NA
COG,2,Inf,TRUE,-2,0.5,-3,NA
COG,2,Inf,TRUE,-2,0.5,-1.5,NA
COG,2,Inf,TRUE,-0.5,-4,-6,NA
COG,2,Inf,TRUE,-0.5,-4,-4.5,NA
COG,2,Inf,TRUE,-0.5,-4,-3,NA
COG,2,Inf,TRUE,-0.5,-4,-1.5,NA
COG,2,Inf,TRUE,-0.5,-2.5,-6,NA
COG,2,Inf,TRUE,-0.5,-2.5,-4.5,NA
COG,2,Inf,TRUE,-0.5,-2.5,-3,NA
COG,2,Inf,TRUE,-0.5,-2.5,-1.5,NA
COG,2,Inf,TRUE,-0.5,-1,-6,NA
COG,2,Inf,TRUE,-0.5,-1,-4.5,NA
COG,2,Inf,TRUE,-0.5,-1,-3,NA
COG,2,Inf,TRUE,-0.5,-1,-1.5,NA
COG,2,Inf,TRUE,-0.5,0.5,-6,NA
COG,2,Inf,TRUE,-0.5,0.5,-4.5,NA
COG,2,Inf,TRUE,-0.5,0.5,-3,NA
COG,2,Inf,TRUE,-0.5,0.5,-1.5,NA
COG,2,Inf,TRUE,1,-4,-6,NA
COG,2,Inf,TRUE,1,-4,-4.5,NA
COG,2,Inf,TRUE,1,-4,-3,NA
COG,2,Inf,TRUE,1,-4,-1.5,NA
COG,2,Inf,TRUE,1,-2.5,-6,NA
COG,2,Inf,TRUE,1,-2.5,-4.5,NA
COG,2,Inf,TRUE,1,-2.5,-3,NA
COG,2,Inf,TRUE,1,-2.5,-1.5,NA
COG,2,Inf,TRUE,1,-1,-6,NA
COG,2,Inf,TRUE,1,-1,-4.5,NA
COG,2,Inf,TRUE,1,-1,-3,NA
COG,2,Inf,TRUE,1,-1,-1.5,NA
COG,2,Inf,TRUE,1,0.5,-6,NA
COG,2,Inf,TRUE,1,0.5,-4.5,NA
COG,2,Inf,TRUE,1,0.5,-3,NA
COG,2,Inf,TRUE,1,0.5,-1.5,NA
COG,2,Inf,TRUE,2.5,-4,-6,NA
COG,2,Inf,TRUE,2.5,-4,-4.5,NA
COG,2,Inf,TRUE,2.5,-4,-3,NA
COG,2,Inf,TRUE,2.5,-4,-1.5,NA
COG,2,Inf,TRUE,2.5,-2.5,-6,NA
COG,2,Inf,TRUE,2.5,-2.5,-4.5,NA
COG,2,Inf,TRUE,2.5,-2.5,-3,NA
COG,2,Inf,TRUE,2.5,-2.5,-1.5,NA
COG,2,Inf,TRUE,2.5,-1,-6,NA
COG,2,Inf,TRUE,2.5,-1,-4.5,NA
COG,2,Inf,TRUE,2.5,-1,-3,NA
COG,2,Inf,TRUE,2.5,-1,-1.5,NA
COG,2,Inf,TRUE,2.5,0.5,-6,NA
COG,2,Inf,TRUE,2.5,0.5,-4.5,NA
COG,2,Inf,TRUE,2.5,0.5,-3,NA
COG,2,Inf,TRUE,2.5,0.5,-1.5,NA
MLI,2,Inf,TRUE,-2,-4,-6,20230818-215132-75b40b10
MLI,2,Inf,TRUE,-2,-4,-4.5,20230818-215209-c5420a64
MLI,2,Inf,TRUE,-2,-4,-3,20230818-215222-b149c43c
MLI,2,Inf,TRUE,-2,-4,-1.5,20230818-215201-8a113df5
MLI,2,Inf,TRUE,-2,-2.5,-6,20230818-215240-985e751a
MLI,2,Inf,TRUE,-2,-2.5,-4.5,20230818-215250-b5c48930
MLI,2,Inf,TRUE,-2,-2.5,-3,20230818-215230-db8ee612
MLI,2,Inf,TRUE,-2,-2.5,-1.5,20230818-215309-92c7701d
MLI,2,Inf,TRUE,-2,-1,-6,20230818-215320-55591efc
MLI,2,Inf,TRUE,-2,-1,-4.5,20230818-215301-5541abde
MLI,2,Inf,TRUE,-2,-1,-3,20230818-215339-b6cb7e50
MLI,2,Inf,TRUE,-2,-1,-1.5,20230818-215349-1f412f23
MLI,2,Inf,TRUE,-2,0.5,-6,20230818-215327-fc5d38c0
MLI,2,Inf,TRUE,-2,0.5,-4.5,20230818-215409-4846d4b4
MLI,2,Inf,TRUE,-2,0.5,-3,20230818-215415-49ec93f1
MLI,2,Inf,TRUE,-2,0.5,-1.5,20230818-215356-c73061af
MLI,2,Inf,TRUE,-0.5,-4,-6,20230818-215437-05a45148
MLI,2,Inf,TRUE,-0.5,-4,-4.5,20230818-215445-73cf45d0
MLI,2,Inf,TRUE,-0.5,-4,-3,20230818-215425-e81fd9b0
MLI,2,Inf,TRUE,-0.5,-4,-1.5,20230818-215508-3ef2429c
MLI,2,Inf,TRUE,-0.5,-2.5,-6,20230818-215515-2080ab8f
MLI,2,Inf,TRUE,-0.5,-2.5,-4.5,20230818-215452-acef6f43
MLI,2,Inf,TRUE,-0.5,-2.5,-3,20230818-215538-6b984d8a
MLI,2,Inf,TRUE,-0.5,-2.5,-1.5,20230818-215548-436f4784
MLI,2,Inf,TRUE,-0.5,-1,-6,20230818-215523-4b735cf6
MLI,2,Inf,TRUE,-0.5,-1,-4.5,20230818-215610-667b0983
MLI,2,Inf,TRUE,-0.5,-1,-3,20230818-215617-bea7e489
MLI,2,Inf,TRUE,-0.5,-1,-1.5,20230818-215553-466baa3c
MLI,2,Inf,TRUE,-0.5,0.5,-6,20230818-215642-2cf722cb
MLI,2,Inf,TRUE,-0.5,0.5,-4.5,20230818-215647-45c338c8
MLI,2,Inf,TRUE,-0.5,0.5,-3,20230818-215624-18178665
MLI,2,Inf,TRUE,-0.5,0.5,-1.5,20230818-215712-fd269720
MLI,2,Inf,TRUE,1,-4,-6,20230818-215724-3ce5bb61
MLI,2,Inf,TRUE,1,-4,-4.5,20230818-215652-d254b42d
MLI,2,Inf,TRUE,1,-4,-3,20230818-215742-c2a7e203
MLI,2,Inf,TRUE,1,-4,-1.5,20230818-215751-daa57e02
MLI,2,Inf,TRUE,1,-2.5,-6,20230818-215721-cc451c4c
MLI,2,Inf,TRUE,1,-2.5,-4.5,20230818-215809-733b29ff
MLI,2,Inf,TRUE,1,-2.5,-3,20230818-215823-1d128c34
MLI,2,Inf,TRUE,1,-2.5,-1.5,20230818-215749-ba1643be
MLI,2,Inf,TRUE,1,-1,-6,20230818-215837-fbf9a57f
MLI,2,Inf,TRUE,1,-1,-4.5,20230818-215855-01d387a9
MLI,2,Inf,TRUE,1,-1,-3,20230818-215817-c95f1cba
MLI,2,Inf,TRUE,1,-1,-1.5,20230818-215905-a41f7643
MLI,2,Inf,TRUE,1,0.5,-6,20230818-215924-d57078c9
MLI,2,Inf,TRUE,1,0.5,-4.5,20230818-215846-9ab72bbc
MLI,2,Inf,TRUE,1,0.5,-3,20230818-215931-e37a987e
MLI,2,Inf,TRUE,1,0.5,-1.5,20230818-215955-e5379255
MLI,2,Inf,TRUE,2.5,-4,-6,20230818-215917-bf7e4af6
MLI,2,Inf,TRUE,2.5,-4,-4.5,20230818-220003-8fbbcfda
MLI,2,Inf,TRUE,2.5,-4,-3,20230818-220026-fd474cc4
MLI,2,Inf,TRUE,2.5,-4,-1.5,20230818-215946-f9ffca73
MLI,2,Inf,TRUE,2.5,-2.5,-6,20230818-220035-c4ec2d08
MLI,2,Inf,TRUE,2.5,-2.5,-4.5,20230818-220056-7577c4f9
MLI,2,Inf,TRUE,2.5,-2.5,-3,20230818-220015-b15795df
MLI,2,Inf,TRUE,2.5,-2.5,-1.5,20230818-220108-b3efb626
MLI,2,Inf,TRUE,2.5,-1,-6,20230818-220130-a006bec3
MLI,2,Inf,TRUE,2.5,-1,-4.5,20230818-220049-80fbfcb6
MLI,2,Inf,TRUE,2.5,-1,-3,20230818-220135-bd25f798
MLI,2,Inf,TRUE,2.5,-1,-1.5,20230818-220159-b02a6669
MLI,2,Inf,TRUE,2.5,0.5,-6,20230818-220116-7402cacd
MLI,2,Inf,TRUE,2.5,0.5,-4.5,20230818-220204-60b0ce30
MLI,2,Inf,TRUE,2.5,0.5,-3,20230818-220228-66863142
MLI,2,Inf,TRUE,2.5,0.5,-1.5,20230818-220149-804563fc
NGA,2,Inf,TRUE,-2,-4,-6,20230904-215917-0ebe4c28
NGA,2,Inf,TRUE,-2,-4,-4.5,20230904-215918-7a2438f4
NGA,2,Inf,TRUE,-2,-4,-3,20230904-220010-04b80ef1
NGA,2,Inf,TRUE,-2,-4,-1.5,20230904-215950-181639a6
NGA,2,Inf,TRUE,-2,-2.5,-6,20230904-215951-1d4b9117
NGA,2,Inf,TRUE,-2,-2.5,-4.5,20230904-220042-554e995c
NGA,2,Inf,TRUE,-2,-2.5,-3,20230904-220023-b65bd74a
NGA,2,Inf,TRUE,-2,-2.5,-1.5,20230904-220021-835c1887
NGA,2,Inf,TRUE,-2,-1,-6,20230904-220116-5ad7c057
NGA,2,Inf,TRUE,-2,-1,-4.5,20230904-220101-461df42c
NGA,2,Inf,TRUE,-2,-1,-3,20230904-220053-4deb6c59
NGA,2,Inf,TRUE,-2,-1,-1.5,20230904-220146-0b8499d8
NGA,2,Inf,TRUE,-2,0.5,-6,20230904-220133-89d608e1
NGA,2,Inf,TRUE,-2,0.5,-4.5,20230904-220122-851bd90c
NGA,2,Inf,TRUE,-2,0.5,-3,20230904-220224-f9c58f65
NGA,2,Inf,TRUE,-2,0.5,-1.5,20230904-220205-451927ee
NGA,2,Inf,TRUE,-0.5,-4,-6,20230904-220155-afe3dc27
NGA,2,Inf,TRUE,-0.5,-4,-4.5,20230904-220257-cda8355d
NGA,2,Inf,TRUE,-0.5,-4,-3,20230904-220236-26b8a9b1
NGA,2,Inf,TRUE,-0.5,-4,-1.5,20230904-220226-aec31918
NGA,2,Inf,TRUE,-0.5,-2.5,-6,20230904-220336-e5a94e51
NGA,2,Inf,TRUE,-0.5,-2.5,-4.5,20230904-220312-9ec7e68e
NGA,2,Inf,TRUE,-0.5,-2.5,-3,20230904-220257-2d97da8d
NGA,2,Inf,TRUE,-0.5,-2.5,-1.5,20230904-220406-74e62acb
NGA,2,Inf,TRUE,-0.5,-1,-6,20230904-220348-390df355
NGA,2,Inf,TRUE,-0.5,-1,-4.5,20230904-220331-28ec03e8
NGA,2,Inf,TRUE,-0.5,-1,-3,20230904-220441-b3121cd3
NGA,2,Inf,TRUE,-0.5,-1,-1.5,20230904-220420-4dbcbab7
NGA,2,Inf,TRUE,-0.5,0.5,-6,20230904-220403-cb185de8
NGA,2,Inf,TRUE,-0.5,0.5,-4.5,20230904-220513-07f75524
NGA,2,Inf,TRUE,-0.5,0.5,-3,20230904-220450-c6d01748
NGA,2,Inf,TRUE,-0.5,0.5,-1.5,20230904-220439-2fc2ebfd
NGA,2,Inf,TRUE,1,-4,-6,20230904-220547-b13cb673
NGA,2,Inf,TRUE,1,-4,-4.5,20230904-220523-7d2ccfaa
NGA,2,Inf,TRUE,1,-4,-3,20230904-220513-07d74182
NGA,2,Inf,TRUE,1,-4,-1.5,20230904-220623-04182b4a
NGA,2,Inf,TRUE,1,-2.5,-6,20230904-220550-13cc1be2
NGA,2,Inf,TRUE,1,-2.5,-4.5,20230904-220547-b13e3fbf
NGA,2,Inf,TRUE,1,-2.5,-3,20230904-220653-8a70b666
NGA,2,Inf,TRUE,1,-2.5,-1.5,20230904-220629-24533de2
NGA,2,Inf,TRUE,1,-1,-6,20230904-220625-4fb46101
NGA,2,Inf,TRUE,1,-1,-4.5,20230904-220731-463233e2
NGA,2,Inf,TRUE,1,-1,-3,20230904-220657-a71a7979
NGA,2,Inf,TRUE,1,-1,-1.5,20230904-220705-7d8d2643
NGA,2,Inf,TRUE,1,0.5,-6,20230904-220805-0caa9b75
NGA,2,Inf,TRUE,1,0.5,-4.5,20230904-220731-463fd2b0
NGA,2,Inf,TRUE,1,0.5,-3,20230904-220734-18205dd4
NGA,2,Inf,TRUE,1,0.5,-1.5,20230904-220837-40ad2301
NGA,2,Inf,TRUE,2.5,-4,-6,20230904-220806-0b551f9e
NGA,2,Inf,TRUE,2.5,-4,-4.5,20230904-220814-2e3d387f
NGA,2,Inf,TRUE,2.5,-4,-3,20230904-220908-682f1a61
NGA,2,Inf,TRUE,2.5,-4,-1.5,20230904-220845-f0a15b0c
NGA,2,Inf,TRUE,2.5,-2.5,-6,20230904-220845-f0d483fd
NGA,2,Inf,TRUE,2.5,-2.5,-4.5,20230904-220941-88f83288
NGA,2,Inf,TRUE,2.5,-2.5,-3,20230904-220930-f71512f9
NGA,2,Inf,TRUE,2.5,-2.5,-1.5,20230904-220932-ef3356d5
NGA,2,Inf,TRUE,2.5,-1,-6,20230904-221015-bd5263ed
NGA,2,Inf,TRUE,2.5,-1,-4.5,20230904-221004-9b263392
NGA,2,Inf,TRUE,2.5,-1,-3,20230904-221004-9b26dbd7
NGA,2,Inf,TRUE,2.5,-1,-1.5,20230904-221049-a52c7453
NGA,2,Inf,TRUE,2.5,0.5,-6,20230904-221038-91159eaa
NGA,2,Inf,TRUE,2.5,0.5,-4.5,20230904-221038-91243a92
NGA,2,Inf,TRUE,2.5,0.5,-3,20230904-221119-f398dc32
NGA,2,Inf,TRUE,2.5,0.5,-1.5,20230904-221112-a113ace4
SLE,2,Inf,TRUE,-2,-4,-6,20230818-220233-98d19715
SLE,2,Inf,TRUE,-2,-4,-4.5,20230818-220257-11d7b861
SLE,2,Inf,TRUE,-2,-4,-3,20230818-220216-33963022
SLE,2,Inf,TRUE,-2,-4,-1.5,20230818-220302-a5923e3f
SLE,2,Inf,TRUE,-2,-2.5,-6,20230818-220326-3bdd118a
SLE,2,Inf,TRUE,-2,-2.5,-4.5,20230818-220244-b4c5e3ff
SLE,2,Inf,TRUE,-2,-2.5,-3,20230818-220333-b5b6a724
SLE,2,Inf,TRUE,-2,-2.5,-1.5,20230818-220358-bb47688e
SLE,2,Inf,TRUE,-2,-1,-6,20230818-220314-120fd9aa
SLE,2,Inf,TRUE,-2,-1,-4.5,NA
SLE,2,Inf,TRUE,-2,-1,-3,20230818-220430-6fc6cf37
SLE,2,Inf,TRUE,-2,-1,-1.5,20230818-220344-2626fcf0
SLE,2,Inf,TRUE,-2,0.5,-6,NA
SLE,2,Inf,TRUE,-2,0.5,-4.5,20230818-220459-c61f08e3
SLE,2,Inf,TRUE,-2,0.5,-3,20230818-220412-b660edb0
SLE,2,Inf,TRUE,-2,0.5,-1.5,20230818-220503-bdf6c8cd
SLE,2,Inf,TRUE,-0.5,-4,-6,20230818-220536-92ca962f
SLE,2,Inf,TRUE,-0.5,-4,-4.5,20230818-220444-43d6e018
SLE,2,Inf,TRUE,-0.5,-4,-3,20230818-220536-a3afcab3
SLE,2,Inf,TRUE,-0.5,-4,-1.5,20230818-220604-f7e0efc8
SLE,2,Inf,TRUE,-0.5,-2.5,-6,20230818-220513-9999ea7f
SLE,2,Inf,TRUE,-0.5,-2.5,-4.5,20230818-220607-881b6be8
SLE,2,Inf,TRUE,-0.5,-2.5,-3,20230818-220641-acd06553
SLE,2,Inf,TRUE,-0.5,-2.5,-1.5,20230818-220544-69de13c0
SLE,2,Inf,TRUE,-0.5,-1,-6,20230818-220634-dad2365a
SLE,2,Inf,TRUE,-0.5,-1,-4.5,20230818-220706-a4f6c311
SLE,2,Inf,TRUE,-0.5,-1,-3,20230818-220616-4554179b
SLE,2,Inf,TRUE,-0.5,-1,-1.5,20230818-220705-8ca940fa
SLE,2,Inf,TRUE,-0.5,0.5,-6,20230818-220739-bc6312c1
SLE,2,Inf,TRUE,-0.5,0.5,-4.5,20230818-220642-58d0c58a
SLE,2,Inf,TRUE,-0.5,0.5,-3,20230818-220730-d8d4d8e5
SLE,2,Inf,TRUE,-0.5,0.5,-1.5,20230818-220808-503b5771
SLE,2,Inf,TRUE,1,-4,-6,20230818-220714-356d7a2c
SLE,2,Inf,TRUE,1,-4,-4.5,20230818-220800-699e6a57
SLE,2,Inf,TRUE,1,-4,-3,20230818-220839-0e9e187f
SLE,2,Inf,TRUE,1,-4,-1.5,20230818-220744-b7763a37
SLE,2,Inf,TRUE,1,-2.5,-6,20230818-220830-0b083a66
SLE,2,Inf,TRUE,1,-2.5,-4.5,20230818-220909-ce6ae2da
SLE,2,Inf,TRUE,1,-2.5,-3,20230818-220816-2c02e324
SLE,2,Inf,TRUE,1,-2.5,-1.5,20230818-220900-3b1f4064
SLE,2,Inf,TRUE,1,-1,-6,20230818-220939-89ad7977
SLE,2,Inf,TRUE,1,-1,-4.5,20230818-220846-9866be9f
SLE,2,Inf,TRUE,1,-1,-3,20230818-220928-73486a2a
SLE,2,Inf,TRUE,1,-1,-1.5,20230818-221009-d40a36d5
SLE,2,Inf,TRUE,1,0.5,-6,20230818-220916-b5042828
SLE,2,Inf,TRUE,1,0.5,-4.5,20230818-221000-492e0250
SLE,2,Inf,TRUE,1,0.5,-3,20230818-221041-4c0865cc
SLE,2,Inf,TRUE,1,0.5,-1.5,20230818-220946-f1193029
SLE,2,Inf,TRUE,2.5,-4,-6,20230818-221030-8439bbb3
SLE,2,Inf,TRUE,2.5,-4,-4.5,20230818-221107-48a8d641
SLE,2,Inf,TRUE,2.5,-4,-3,20230818-221016-a5e0ca5c
SLE,2,Inf,TRUE,2.5,-4,-1.5,20230818-221058-2a854b04
SLE,2,Inf,TRUE,2.5,-2.5,-6,20230818-221136-cd01709b
SLE,2,Inf,TRUE,2.5,-2.5,-4.5,20230818-221049-7e36cf58
SLE,2,Inf,TRUE,2.5,-2.5,-3,20230818-221125-264240cb
SLE,2,Inf,TRUE,2.5,-2.5,-1.5,20230818-221211-117ed7e3
SLE,2,Inf,TRUE,2.5,-1,-6,20230818-221116-34c736d2
SLE,2,Inf,TRUE,2.5,-1,-4.5,20230818-221152-a7dd684b
SLE,2,Inf,TRUE,2.5,-1,-3,20230818-221242-e2ed11dd
SLE,2,Inf,TRUE,2.5,-1,-1.5,20230818-221145-d37b2cc4
SLE,2,Inf,TRUE,2.5,0.5,-6,20230818-221220-53934d73
SLE,2,Inf,TRUE,2.5,0.5,-4.5,20230818-221307-a154a9ee
SLE,2,Inf,TRUE,2.5,0.5,-3,20230818-221211-27052103
SLE,2,Inf,TRUE,2.5,0.5,-1.5,20230818-221248-03cb3835
TCD,2,Inf,TRUE,-2,-4,-6,NA
TCD,2,Inf,TRUE,-2,-4,-4.5,NA
TCD,2,Inf,TRUE,-2,-4,-3,NA
TCD,2,Inf,TRUE,-2,-4,-1.5,NA
TCD,2,Inf,TRUE,-2,-2.5,-6,NA
TCD,2,Inf,TRUE,-2,-2.5,-4.5,NA
TCD,2,Inf,TRUE,-2,-2.5,-3,NA
TCD,2,Inf,TRUE,-2,-2.5,-1.5,NA
TCD,2,Inf,TRUE,-2,-1,-6,NA
TCD,2,Inf,TRUE,-2,-1,-4.5,NA
TCD,2,Inf,TRUE,-2,-1,-3,NA
TCD,2,Inf,TRUE,-2,-1,-1.5,NA
TCD,2,Inf,TRUE,-2,0.5,-6,NA
TCD,2,Inf,TRUE,-2,0.5,-4.5,NA
TCD,2,Inf,TRUE,-2,0.5,-3,NA
TCD,2,Inf,TRUE,-2,0.5,-1.5,NA
TCD,2,Inf,TRUE,-0.5,-4,-6,NA
TCD,2,Inf,TRUE,-0.5,-4,-4.5,NA
TCD,2,Inf,TRUE,-0.5,-4,-3,NA
TCD,2,Inf,TRUE,-0.5,-4,-1.5,NA
TCD,2,Inf,TRUE,-0.5,-2.5,-6,NA
TCD,2,Inf,TRUE,-0.5,-2.5,-4.5,NA
TCD,2,Inf,TRUE,-0.5,-2.5,-3,NA
TCD,2,Inf,TRUE,-0.5,-2.5,-1.5,NA
TCD,2,Inf,TRUE,-0.5,-1,-6,NA
TCD,2,Inf,TRUE,-0.5,-1,-4.5,NA
TCD,2,Inf,TRUE,-0.5,-1,-3,NA
TCD,2,Inf,TRUE,-0.5,-1,-1.5,NA
TCD,2,Inf,TRUE,-0.5,0.5,-6,NA
TCD,2,Inf,TRUE,-0.5,0.5,-4.5,NA
TCD,2,Inf,TRUE,-0.5,0.5,-3,NA
TCD,2,Inf,TRUE,-0.5,0.5,-1.5,NA
TCD,2,Inf,TRUE,1,-4,-6,NA
TCD,2,Inf,TRUE,1,-4,-4.5,NA
TCD,2,Inf,TRUE,1,-4,-3,NA
TCD,2,Inf,TRUE,1,-4,-1.5,NA
TCD,2,Inf,TRUE,1,-2.5,-6,NA
TCD,2,Inf,TRUE,1,-2.5,-4.5,NA
TCD,2,Inf,TRUE,1,-2.5,-3,NA
TCD,2,Inf,TRUE,1,-2.5,-1.5,NA
TCD,2,Inf,TRUE,1,-1,-6,NA
TCD,2,Inf,TRUE,1,-1,-4.5,NA
TCD,2,Inf,TRUE,1,-1,-3,NA
TCD,2,Inf,TRUE,1,-1,-1.5,NA
TCD,2,Inf,TRUE,1,0.5,-6,NA
TCD,2,Inf,TRUE,1,0.5,-4.5,NA
TCD,2,Inf,TRUE,1,0.5,-3,NA
TCD,2,Inf,TRUE,1,0.5,-1.5,NA
TCD,2,Inf,TRUE,2.5,-4,-6,NA
TCD,2,Inf,TRUE,2.5,-4,-4.5,NA
TCD,2,Inf,TRUE,2.5,-4,-3,NA
TCD,2,Inf,TRUE,2.5,-4,-1.5,NA
TCD,2,Inf,TRUE,2.5,-2.5,-6,NA
TCD,2,Inf,TRUE,2.5,-2.5,-4.5,NA
TCD,2,Inf,TRUE,2.5,-2.5,-3,NA
TCD,2,Inf,TRUE,2.5,-2.5,-1.5,NA
TCD,2,Inf,TRUE,2.5,-1,-6,NA
TCD,2,Inf,TRUE,2.5,-1,-4.5,NA
TCD,2,Inf,TRUE,2.5,-1,-3,NA
TCD,2,Inf,TRUE,2.5,-1,-1.5,NA
TCD,2,Inf,TRUE,2.5,0.5,-6,NA
TCD,2,Inf,TRUE,2.5,0.5,-4.5,NA
TCD,2,Inf,TRUE,2.5,0.5,-3,NA
TCD,2,Inf,TRUE,2.5,0.5,-1.5,NA
